dataset,workload,trace_tag,trace_name,instructions,cycles,ipc,dtlb_demand_miss,dtlb_demand_mpki,stlb_access,stlb_hit,stlb_miss,stlb_mpki,stlb_miss_rate,stlb_demand_access,stlb_demand_hit,stlb_demand_miss,stlb_demand_mpki,stlb_demand_miss_rate,stlb_raw_demand_miss,stlb_raw_demand_mpki,cp_pb_demand_hit,cp_pb_demand_hit_mpki,stlb_pb_demand_miss,stlb_pb_demand_mpki,demand_data_miss,demand_data_miss_rate,demand_instruction_miss,demand_instruction_miss_rate,l1d_prefetch_miss,l1d_prefetch_miss_rate,l1i_prefetch_miss,l1i_prefetch_miss_rate,other_miss,other_miss_rate
spec06,403.gcc,403.gcc-17B,403.gcc-17B.champsimtrace.xz,100000002,144828757,0.69047099999999995,1478480,13.8002,1142036,841604,300432,3.0043199999999999,0.263067,1142036,841604,300432,3.0043199999999999,0.263067,265466,2.6546599999999998,9613,0.096129999999999993,255853,2.5585300000000002,265466,0.23244999999999999,48,4.2030200000000003e-05,34918,0.0305752,0,0,0,0
spec06,429.mcf,429.mcf-184B,429.mcf-184B.champsimtrace.xz,100000002,825075428,0.121201,14001807,138.77000000000001,10004177,9093783,910394,9.1039399999999997,0.091001399999999996,10004177,9093783,910394,9.1039399999999997,0.091001399999999996,908776,9.0877599999999994,528,0.00528,908248,9.0824800000000003,908776,0.090839699999999995,0,0,1618,0.00016173199999999999,0,0,0,0
spec06,429.mcf,429.mcf-192B,429.mcf-192B.champsimtrace.xz,100000000,836465612,0.119551,18379113,183.77799999999999,14594304,14310729,283575,2.83575,0.0194305,14594304,14310729,283575,2.83575,0.0194305,282489,2.8248899999999999,698,0.0069800000000000001,281791,2.8179099999999999,282489,0.019356100000000001,1,6.8519900000000002e-08,1085,7.4344099999999999e-05,0,0,0,0
spec06,429.mcf,429.mcf-22B,429.mcf-22B.champsimtrace.xz,100000002,128931248,0.77560700000000005,1245667,11.6044,520860,183750,337110,3.3711000000000002,0.64721799999999996,520860,183750,337110,3.3711000000000002,0.64721799999999996,296158,2.9615800000000001,3214,0.032140000000000002,292944,2.92944,296158,0.56859400000000004,0,0,40952,0.078623799999999994,0,0,0,0
spec06,429.mcf,429.mcf-51B,429.mcf-51B.champsimtrace.xz,100000002,632242649,0.158167,12545882,124.72499999999999,7956940,6903183,1053757,10.537599999999999,0.13243199999999999,7956940,6903183,1053757,10.537599999999999,0.13243199999999999,1050247,10.5025,1137,0.01137,1049110,10.491099999999999,1050247,0.131991,0,0,3510,0.00044112399999999999,0,0,0,0
spec06,433.milc,433.milc-127B,433.milc-127B.champsimtrace.xz,100000003,71478163,1.39903,399520,0.01602,218159,2932,215227,2.1522700000000001,0.98655999999999999,218159,2932,215227,2.1522700000000001,0.98655999999999999,134,0.00134,44,0.00044000000000000002,90,0.00089999999999999998,134,0.00061423100000000002,0,0,215093,0.98594599999999999,0,0,0,0
spec06,433.milc,433.milc-274B,433.milc-274B.champsimtrace.xz,100000004,55986939,1.78613,308547,0.13885,126061,536,125525,1.25525,0.99574799999999997,126061,536,125525,1.25525,0.99574799999999997,199,0.00199,132,0.00132,67,0.00067000000000000002,199,0.0015786000000000001,5,3.9663299999999997e-05,125321,0.99412999999999996,0,0,0,0
spec06,433.milc,433.milc-337B,433.milc-337B.champsimtrace.xz,100000002,66210049,1.51034,353528,0.0092700000000000005,197447,328,197119,1.97119,0.99833899999999998,197447,328,197119,1.97119,0.99833899999999998,152,0.0015200000000000001,124,0.00124,28,0.00027999999999999998,152,0.00076982699999999995,1,5.0646499999999999e-06,196966,0.99756400000000001,0,0,0,0
spec06,436.cactusADM,436.cactusADM-1804B,436.cactusADM-1804B.champsimtrace.xz,100000002,52885317,1.8908799999999999,2954579,25.894200000000001,2768875,1856491,912384,9.1238399999999995,0.32951399999999997,2768875,1856491,912384,9.1238399999999995,0.32951399999999997,898121,8.9812100000000008,2026,0.02026,896095,8.9609500000000004,898121,0.32436300000000001,0,0,14263,0.0051511899999999999,0,0,0,0
spec06,450.soplex,450.soplex-247B,450.soplex-247B.champsimtrace.xz,100000000,164108768,0.609352,1231427,11.0245,805203,694532,110671,1.1067100000000001,0.13744500000000001,805203,694532,110671,1.1067100000000001,0.13744500000000001,74592,0.74592000000000003,10361,0.10360999999999999,64231,0.64231000000000005,74592,0.092637499999999998,0,0,36079,0.044807300000000001,0,0,0,0
spec06,459.GemsFDTD,459.GemsFDTD-1169B,459.GemsFDTD-1169B.champsimtrace.xz,100000002,85109262,1.17496,2840211,11.8339,2390034,2042583,347451,3.47451,0.145375,2390034,2042583,347451,3.47451,0.145375,68377,0.68376999999999999,3339,0.033390000000000003,65038,0.65037999999999996,68377,0.028609200000000001,2,8.3680799999999998e-07,279072,0.11676499999999999,0,0,0,0
spec06,459.GemsFDTD,459.GemsFDTD-1211B,459.GemsFDTD-1211B.champsimtrace.xz,100000003,74166318,1.34832,1362644,9.6409099999999999,887698,646874,240824,2.4082400000000002,0.27128999999999998,887698,646874,240824,2.4082400000000002,0.27128999999999998,20232,0.20232,19647,0.19647000000000001,585,0.0058500000000000002,20232,0.022791499999999999,0,0,220592,0.248499,0,0,0,0
spec06,459.GemsFDTD,459.GemsFDTD-765B,459.GemsFDTD-765B.champsimtrace.xz,100000004,81087482,1.2332399999999999,677308,1.5029399999999999,512581,116594,395987,3.95987,0.77253499999999997,512581,116594,395987,3.95987,0.77253499999999997,27490,0.27489999999999998,24891,0.24890999999999999,2599,0.025989999999999999,27490,0.053630499999999998,1,1.9509100000000001e-06,368496,0.71890299999999996,0,0,0,0
spec06,471.omnetpp,471.omnetpp-188B,471.omnetpp-188B.champsimtrace.xz,100000000,228226491,0.43816100000000002,3076752,27.732800000000001,2263440,1648155,615285,6.1528499999999999,0.27183600000000002,2263440,1648155,615285,6.1528499999999999,0.27183600000000002,394841,3.94841,82666,0.82665999999999995,312175,3.12175,394841,0.17444299999999999,511,0.000225763,219933,0.097167600000000007,0,0,0,0
spec06,473.astar,473.astar-359B,473.astar-359B.champsimtrace.xz,100000000,515771063,0.193884,4756324,47.086500000000001,3380823,1652378,1728445,17.284400000000002,0.51124999999999998,3380823,1652378,1728445,17.284400000000002,0.51124999999999998,1705685,17.056899999999999,11886,0.11885999999999999,1693799,16.937999999999999,1705685,0.50451800000000002,0,0,22760,0.0067320899999999996,0,0,0,0
spec06,473.astar,473.astar-42B,473.astar-42B.champsimtrace.xz,100000003,158811379,0.62967799999999996,3224365,7.1288,3052281,2609725,442556,4.4255599999999999,0.14499200000000001,3052281,2609725,442556,4.4255599999999999,0.14499200000000001,40408,0.40407999999999999,26188,0.26188,14220,0.14219999999999999,40408,0.0132386,8,2.6209900000000001e-06,402140,0.13175100000000001,0,0,0,0
spec06,483.xalancbmk,483.xalancbmk-127B,483.xalancbmk-127B.champsimtrace.xz,100000000,337307976,0.29646499999999998,893898,8.8573000000000004,430960,83040,347920,3.4792000000000001,0.80731399999999998,430960,83040,347920,3.4792000000000001,0.80731399999999998,338868,3.3886799999999999,1502,0.01502,337366,3.3736600000000001,338868,0.78630999999999995,5297,0.0122912,3755,0.0087131099999999996,0,0,0,0
spec17,602.gcc_s,602.gcc_s-2226B,602.gcc_s-2226B.champsimtrace.xz,100000000,135560567,0.73767799999999994,494781,0.44318999999999997,153175,8692,144483,1.4448300000000001,0.94325400000000004,153175,8692,144483,1.4448300000000001,0.94325400000000004,21267,0.21267,904,0.0090399999999999994,20363,0.20363000000000001,21267,0.13884099999999999,0,0,123216,0.80441300000000004,0,0,0,0
spec17,605.mcf_s,605.mcf_s-1536B,605.mcf_s-1536B.champsimtrace.xz,100000003,199922679,0.500193,5440914,53.525799999999997,2446201,201233,2244968,22.4497,0.91773700000000002,2446201,201233,2244968,22.4497,0.91773700000000002,2238699,22.387,960,0.0095999999999999992,2237739,22.377400000000002,2238699,0.91517400000000004,0,0,6269,0.0025627499999999999,0,0,0,0
spec17,605.mcf_s,605.mcf_s-1644B,605.mcf_s-1644B.champsimtrace.xz,100000005,494091983,0.20239099999999999,18071855,179.58199999999999,2964974,543510,2421464,24.214600000000001,0.81669000000000003,2964974,543510,2421464,24.214600000000001,0.81669000000000003,2377729,23.7773,4810,0.048099999999999997,2372919,23.729199999999999,2377729,0.80193899999999996,0,0,43735,0.014750600000000001,0,0,0,0
spec17,605.mcf_s,605.mcf_s-472B,605.mcf_s-472B.champsimtrace.xz,100000001,160047375,0.62481500000000001,547884,2.3820800000000002,337689,243298,94391,0.94391000000000003,0.27952100000000002,337689,243298,94391,0.94391000000000003,0.27952100000000002,14473,0.14473,2448,0.024479999999999998,12025,0.12025,14473,0.042859000000000001,0,0,79918,0.23666200000000001,0,0,0,0
spec17,605.mcf_s,605.mcf_s-782B,605.mcf_s-782B.champsimtrace.xz,100000001,656039911,0.15243000000000001,9095651,87.120800000000003,8600350,8502003,98347,0.98346999999999996,0.0114352,8600350,8502003,98347,0.98346999999999996,0.0114352,11975,0.11975,5559,0.055590000000000001,6416,0.064159999999999995,11975,0.0013923900000000001,0,0,86372,0.010042799999999999,0,0,0,0
spec17,605.mcf_s,605.mcf_s-994B,605.mcf_s-994B.champsimtrace.xz,100000000,241901022,0.41339199999999998,2286517,22.752099999999999,1628728,818389,810339,8.1033899999999992,0.497529,1628728,818389,810339,8.1033899999999992,0.497529,805977,8.0597700000000003,780,0.0077999999999999996,805197,8.0519700000000007,805977,0.49485099999999999,0,0,4362,0.0026781600000000002,0,0,0,0
spec17,620.omnetpp_s,620.omnetpp_s-141B,620.omnetpp_s-141B.champsimtrace.xz,100000002,213771505,0.46778900000000001,2574275,25.560700000000001,2274484,1774024,500460,5.0045999999999999,0.22003200000000001,2274484,1774024,500460,5.0045999999999999,0.22003200000000001,482844,4.8284399999999996,11410,0.11409999999999999,471434,4.71434,482844,0.212287,1665,0.00073203400000000001,15951,0.00701302,0,0,0,0
spec17,620.omnetpp_s,620.omnetpp_s-874B,620.omnetpp_s-874B.champsimtrace.xz,100000000,194428565,0.51432800000000001,2348567,23.165299999999998,2098506,1650985,447521,4.4752099999999997,0.213257,2098506,1650985,447521,4.4752099999999997,0.213257,420505,4.20505,16414,0.16414000000000001,404091,4.0409100000000002,420505,0.20038300000000001,2094,0.00099785299999999993,24922,0.011876100000000001,0,0,0,0
spec17,623.xalancbmk_s,623.xalancbmk_s-10B,623.xalancbmk_s-10B.champsimtrace.xz,100000004,147718372,0.67696400000000001,1481352,14.710000000000001,725734,241832,483902,4.8390199999999997,0.66677600000000004,725734,241832,483902,4.8390199999999997,0.66677600000000004,473500,4.7350000000000003,2187,0.021870000000000001,471313,4.7131299999999996,473500,0.652443,4982,0.0068647700000000001,5420,0.0074682999999999998,0,0,0,0
spec17,623.xalancbmk_s,623.xalancbmk_s-592B,623.xalancbmk_s-592B.champsimtrace.xz,100000000,84708144,1.18052,3510378,34.123800000000003,2379858,2220577,159281,1.5928100000000001,0.066928799999999997,2379858,2220577,159281,1.5928100000000001,0.066928799999999997,123150,1.2315,2299,0.02299,120851,1.20851,123150,0.051746800000000003,1786,0.00075046499999999996,34345,0.0144315,0,0,0,0
spec17,623.xalancbmk_s,623.xalancbmk_s-700B,623.xalancbmk_s-700B.champsimtrace.xz,100000000,96597460,1.03522,4631693,45.223300000000002,3121654,2898615,223039,2.2303899999999999,0.071448999999999999,3121654,2898615,223039,2.2303899999999999,0.071448999999999999,171030,1.7102999999999999,2119,0.021190000000000001,168911,1.6891099999999999,171030,0.054788299999999998,1663,0.00053273000000000003,50346,0.016128,0,0,0,0
spec17,649.fotonik3d_s,649.fotonik3d_s-10881B,649.fotonik3d_s-10881B.champsimtrace.xz,100000004,85696188,1.1669099999999999,1150228,2.8291900000000001,685835,236562,449273,4.4927299999999999,0.65507400000000005,685835,236562,449273,4.4927299999999999,0.65507400000000005,38211,0.38211000000000001,37994,0.37994,217,0.0021700000000000001,38211,0.055714600000000003,0,0,411062,0.59936,0,0,0,0
gap,bc,bc.kron-2608B,bc.kron-2608B.champsimtrace.xz,100000004,207144876,0.48275400000000002,1957874,19.290199999999999,1850976,33852,1817124,18.171199999999999,0.981711,1850976,33852,1817124,18.171199999999999,0.981711,1806573,18.0657,52,0.00051999999999999995,1806521,18.065200000000001,1806573,0.97601099999999996,0,0,10551,0.0057002399999999996,0,0,0,0
gap,bc,bc.kron-5154B,bc.kron-5154B.champsimtrace.xz,100000002,104084285,0.96075999999999995,344306,3.3856999999999999,291175,4670,286505,2.8650500000000001,0.983962,291175,4670,286505,2.8650500000000001,0.983962,283929,2.8392900000000001,9,9.0000000000000006e-05,283920,2.8391999999999999,283929,0.97511499999999995,0,0,2576,0.0088469099999999995,0,0,0,0
gap,bc,bc.road-131B,bc.road-131B.champsimtrace.xz,100000004,615952644,0.16234999999999999,1890036,18.760000000000002,1502026,651132,850894,8.5089400000000008,0.56649799999999995,1502026,651132,850894,8.5089400000000008,0.56649799999999995,844833,8.4483300000000003,1856,0.01856,842977,8.4297699999999995,844833,0.56246200000000002,0,0,6061,0.00403522,0,0,0,0
gap,bc,bc.road-174B,bc.road-174B.champsimtrace.xz,100000000,431458740,0.23177200000000001,2242026,22.272200000000002,1745512,864653,880859,8.8085900000000006,0.50464200000000003,1745512,864653,880859,8.8085900000000006,0.50464200000000003,875347,8.7534700000000001,1516,0.01516,873831,8.7383100000000002,875347,0.50148400000000004,0,0,5512,0.00315781,0,0,0,0
gap,bc,bc.road-79B,bc.road-79B.champsimtrace.xz,100000000,356298299,0.28066400000000002,2430166,24.174600000000002,1957048,1218162,738886,7.3888600000000002,0.37755100000000003,1957048,1218162,738886,7.3888600000000002,0.37755100000000003,734588,7.3458800000000002,1340,0.0134,733248,7.3324800000000003,734588,0.37535499999999999,0,0,4298,0.00219616,0,0,0,0
gap,bc,bc.road-95B,bc.road-95B.champsimtrace.xz,100000000,467123053,0.21407599999999999,1860961,18.479299999999999,1452299,656450,795849,7.9584900000000003,0.54799299999999995,1452299,656450,795849,7.9584900000000003,0.54799299999999995,790391,7.9039099999999998,1639,0.016389999999999998,788752,7.8875200000000003,790391,0.544234,0,0,5458,0.0037581799999999999,0,0,0,0
gap,bc,bc.twitter-1658B,bc.twitter-1658B.champsimtrace.xz,100000002,246221998,0.406138,2060299,20.4313,1017138,28959,988179,9.8817900000000005,0.97152899999999998,1017138,28959,988179,9.8817900000000005,0.97152899999999998,982726,9.8272600000000008,1506,0.01506,981220,9.8122000000000007,982726,0.96616800000000003,0,0,5453,0.0053611199999999996,0,0,0,0
gap,bc,bc.twitter-2320B,bc.twitter-2320B.champsimtrace.xz,100000003,169049363,0.59154300000000004,2262273,22.366800000000001,1971065,62049,1909016,19.090199999999999,0.96852000000000005,1971065,62049,1909016,19.090199999999999,0.96852000000000005,1898226,18.982299999999999,3778,0.037780000000000001,1894448,18.944500000000001,1898226,0.96304599999999996,0,0,10790,0.0054742000000000002,0,0,0,0
gap,bc,bc.twitter-309B,bc.twitter-309B.champsimtrace.xz,100000000,496822366,0.20127900000000001,4692169,45.855200000000004,4325762,48586,4277176,42.771799999999999,0.98876799999999998,4325762,48586,4277176,42.771799999999999,0.98876799999999998,4232571,42.325699999999998,37055,0.37054999999999999,4195516,41.955199999999998,4232571,0.97845700000000002,0,0,44605,0.010311499999999999,0,0,0,0
gap,bc,bc.twitter-876B,bc.twitter-876B.champsimtrace.xz,100000005,559371712,0.17877199999999999,7399168,72.602099999999993,7115312,370671,6744641,67.446399999999997,0.947905,7115312,370671,6744641,67.446399999999997,0.947905,6634839,66.348399999999998,96829,0.96828999999999998,6538010,65.380099999999999,6634839,0.932473,0,0,109802,0.015431800000000001,0,0,0,0
gap,bc,bc.urand-3004B,bc.urand-3004B.champsimtrace.xz,100000002,304459605,0.32845099999999999,5341275,53.409799999999997,1100734,19160,1081574,10.8157,0.98259300000000005,1100734,19160,1081574,10.8157,0.98259300000000005,1081306,10.8131,21,0.00021000000000000001,1081285,10.812799999999999,1081306,0.98234999999999995,0,0,268,0.00024347400000000001,0,0,0,0
gap,bfs,bfs.kron-128B,bfs.kron-128B.champsimtrace.xz,100000002,188112337,0.53159699999999999,193920,0.93120999999999998,117787,10474,107313,1.0731299999999999,0.91107700000000003,117787,10474,107313,1.0731299999999999,0.91107700000000003,82222,0.82221999999999995,22,0.00022000000000000001,82200,0.82199999999999995,82222,0.69805700000000004,0,0,25091,0.21301999999999999,0,0,0,0
gap,bfs,bfs.kron-542B,bfs.kron-542B.champsimtrace.xz,100000001,492828888,0.20291000000000001,3681052,35.811199999999999,3540757,1786310,1754447,17.544499999999999,0.49550100000000002,3540757,1786310,1754447,17.544499999999999,0.49550100000000002,1716461,17.1646,6860,0.068599999999999994,1709601,17.096,1716461,0.48477199999999998,40,1.1297e-05,37946,0.0107169,0,0,0,0
gap,bfs,bfs.road-112B,bfs.road-112B.champsimtrace.xz,100000000,524841927,0.19053400000000001,1682741,16.6632,1302024,511558,790466,7.9046599999999998,0.60710600000000003,1302024,511558,790466,7.9046599999999998,0.60710600000000003,781533,7.8153300000000003,1499,0.01499,780034,7.8003400000000003,781533,0.60024500000000003,1610,0.0012365399999999999,7323,0.0056243200000000004,0,0,0,0
gap,bfs,bfs.road-128B,bfs.road-128B.champsimtrace.xz,100000000,594357573,0.16824900000000001,1949412,19.3431,1528822,553735,975087,9.7508700000000008,0.63780300000000001,1528822,553735,975087,9.7508700000000008,0.63780300000000001,967407,9.6740700000000004,890,0.0088999999999999999,966517,9.6651699999999998,967407,0.63277899999999998,1202,0.000786226,6478,0.0042372499999999997,0,0,0,0
gap,bfs,bfs.road-140B,bfs.road-140B.champsimtrace.xz,100000000,575446973,0.17377799999999999,1755486,17.3947,1350414,489686,860728,8.6072799999999994,0.63738099999999998,1350414,489686,860728,8.6072799999999994,0.63738099999999998,852556,8.5255600000000005,1412,0.014120000000000001,851144,8.5114400000000003,852556,0.63132900000000003,1053,0.00077976100000000002,7119,0.0052717199999999997,0,0,0,0
gap,bfs,bfs.road-19B,bfs.road-19B.champsimtrace.xz,100000000,424174578,0.23575199999999999,1637839,16.226800000000001,1286594,1058939,227655,2.2765499999999999,0.17694399999999999,1286594,1058939,227655,2.2765499999999999,0.17694399999999999,222107,2.2210700000000001,415,0.00415,221692,2.21692,222107,0.17263200000000001,601,0.00046712499999999998,4947,0.0038450400000000001,0,0,0,0
gap,bfs,bfs.twitter-10B,bfs.twitter-10B.champsimtrace.xz,100000004,273527337,0.36559399999999997,546755,4.5303899999999997,473193,202560,270633,2.7063299999999999,0.57192900000000002,473193,202560,270633,2.7063299999999999,0.57192900000000002,242762,2.4276200000000001,125,0.00125,242637,2.4263699999999999,242762,0.51302999999999999,0,0,27871,0.058899899999999998,0,0,0,0
gap,bfs,bfs.twitter-160B,bfs.twitter-160B.champsimtrace.xz,100000000,496984789,0.201213,3886148,37.854399999999998,3591785,3323091,268694,2.6869399999999999,0.074807899999999997,3591785,3323091,268694,2.6869399999999999,0.074807899999999997,218409,2.1840899999999999,3746,0.03746,214663,2.14663,218409,0.060807899999999998,0,0,50285,0.014,0,0,0,0
gap,bfs,bfs.twitter-163B,bfs.twitter-163B.champsimtrace.xz,100000003,309339370,0.32327,620934,5.3759199999999998,558719,256813,301906,3.0190600000000001,0.540354,558719,256813,301906,3.0190600000000001,0.540354,274629,2.7462900000000001,103,0.0010300000000000001,274526,2.74526,274629,0.491533,0,0,27277,0.048820599999999999,0,0,0,0
gap,bfs,bfs.twitter-242B,bfs.twitter-242B.champsimtrace.xz,100000001,430258496,0.23241800000000001,891450,8.38767,854687,635260,219427,2.1942699999999999,0.25673400000000002,854687,635260,219427,2.1942699999999999,0.25673400000000002,194410,1.9440999999999999,103,0.0010300000000000001,194307,1.9430700000000001,194410,0.227463,0,0,25017,0.029270399999999999,0,0,0,0
gap,bfs,bfs.twitter-408B,bfs.twitter-408B.champsimtrace.xz,100000002,307186658,0.32553500000000002,797688,6.8128200000000003,702373,539167,163206,1.6320600000000001,0.23236399999999999,702373,539167,163206,1.6320600000000001,0.23236399999999999,137495,1.3749499999999999,245,0.0024499999999999999,137250,1.3725000000000001,137495,0.19575799999999999,40,5.6949800000000001e-05,25671,0.036548999999999998,0,0,0,0
gap,bfs,bfs.twitter-44B,bfs.twitter-44B.champsimtrace.xz,100000005,292505299,0.34187400000000001,7255451,70.734399999999994,6875968,6595996,279972,2.7997200000000002,0.040717499999999997,6875968,6595996,279972,2.7997200000000002,0.040717499999999997,233778,2.33778,9242,0.092420000000000002,224536,2.2453599999999998,233778,0.033999300000000003,0,0,46194,0.0067181799999999998,0,0,0,0
gap,bfs,bfs.urand-118B,bfs.urand-118B.champsimtrace.xz,100000000,721810272,0.138541,4909242,48.492800000000003,4416207,107541,4308666,43.0867,0.97564899999999999,4416207,107541,4308666,43.0867,0.97564899999999999,4286805,42.868000000000002,1346,0.01346,4285459,42.854599999999998,4286805,0.97069799999999995,0,0,21861,0.0049501800000000002,0,0,0,0
gap,bfs,bfs.urand-161B,bfs.urand-161B.champsimtrace.xz,100000003,509557224,0.19624900000000001,7097548,69.474000000000004,6979442,5821169,1158273,11.582700000000001,0.16595499999999999,6979442,5821169,1158273,11.582700000000001,0.16595499999999999,1086709,10.867100000000001,6896,0.068959999999999994,1079813,10.7981,1086709,0.15570100000000001,0,0,71564,0.0102535,0,0,0,0
gap,bfs,bfs.urand-356B,bfs.urand-356B.champsimtrace.xz,100000000,658584361,0.151841,4877522,48.159599999999998,4303301,109074,4194227,41.942300000000003,0.97465299999999999,4303301,109074,4194227,41.942300000000003,0.97465299999999999,4172639,41.726399999999998,1417,0.01417,4171222,41.712200000000003,4172639,0.96963699999999997,0,0,21588,0.0050166100000000003,0,0,0,0
gap,bfs,bfs.urand-36B,bfs.urand-36B.champsimtrace.xz,100000004,333910032,0.29948200000000003,4046877,39.183100000000003,3942384,3304678,637706,6.3770600000000002,0.16175600000000001,3942384,3304678,637706,6.3770600000000002,0.16175600000000001,591548,5.9154799999999996,3531,0.035310000000000001,588017,5.8801699999999997,591548,0.15004799999999999,40,1.0146099999999999e-05,46118,0.011698,0,0,0,0
gap,bfs,bfs.urand-410B,bfs.urand-410B.champsimtrace.xz,100000001,550213267,0.18174799999999999,5801411,55.9953,5668855,5291467,377388,3.7738800000000001,0.066572199999999998,5668855,5291467,377388,3.7738800000000001,0.066572199999999998,281136,2.8113600000000001,4051,0.040509999999999997,277085,2.7708499999999998,281136,0.049593100000000001,0,0,96252,0.0169791,0,0,0,0
gap,bfs,bfs.urand-60B,bfs.urand-60B.champsimtrace.xz,100000000,532249350,0.18788199999999999,6291994,61.100200000000001,6164309,5590813,573496,5.7349600000000001,0.093034900000000004,6164309,5590813,573496,5.7349600000000001,0.093034900000000004,487745,4.8774499999999996,4967,0.049669999999999999,482778,4.8277799999999997,487745,0.079124,0,0,85751,0.0139109,0,0,0,0
gap,cc,cc.kron-10B,cc.kron-10B.champsimtrace.xz,100000000,509489139,0.19627500000000001,1730855,16.822199999999999,1712267,535830,1176437,11.7644,0.68706400000000001,1712267,535830,1176437,11.7644,0.68706400000000001,1141688,11.4169,2846,0.028459999999999999,1138842,11.388400000000001,1141688,0.66676999999999997,0,0,34749,0.020294099999999999,0,0,0,0
gap,cc,cc.kron-17B,cc.kron-17B.champsimtrace.xz,100000004,669636202,0.149335,1960571,18.995000000000001,1940859,120937,1819922,18.199200000000001,0.93768899999999999,1940859,120937,1819922,18.199200000000001,0.93768899999999999,1778185,17.7818,3525,0.035249999999999997,1774660,17.746600000000001,1778185,0.91618500000000003,0,0,41737,0.0215044,0,0,0,0
gap,cc,cc.kron-78B,cc.kron-78B.champsimtrace.xz,100000000,665781812,0.150199,1961334,19.007999999999999,1941961,121063,1820898,18.209,0.93765900000000002,1941961,121063,1820898,18.209,0.93765900000000002,1779349,17.793500000000002,3508,0.03508,1775841,17.758400000000002,1779349,0.91626399999999997,0,0,41549,0.021395399999999998,0,0,0,0
gap,cc,cc.kron-82B,cc.kron-82B.champsimtrace.xz,100000000,712892663,0.14027400000000001,3733303,37.201799999999999,3727340,1985815,1741525,17.415299999999998,0.46722999999999998,3727340,1985815,1741525,17.415299999999998,0.46722999999999998,1733936,17.339400000000001,3660,0.036600000000000001,1730276,17.302800000000001,1733936,0.465194,0,0,7589,0.0020360399999999998,0,0,0,0
gap,cc,cc.kron-99B,cc.kron-99B.champsimtrace.xz,100000002,515790915,0.19387699999999999,1734210,16.857800000000001,1715368,531953,1183415,11.834099999999999,0.68989,1715368,531953,1183415,11.834099999999999,0.68989,1148403,11.484,3541,0.035409999999999997,1144862,11.448600000000001,1148403,0.66947900000000005,0,0,35012,0.0204108,0,0,0,0
gap,cc,cc.twitter-10B,cc.twitter-10B.champsimtrace.xz,100000001,236591879,0.42266900000000002,2409782,23.971900000000002,2361918,867839,1494079,14.940799999999999,0.63256999999999997,2361918,867839,1494079,14.940799999999999,0.63256999999999997,1487848,14.878500000000001,6013,0.060130000000000003,1481835,14.818300000000001,1487848,0.62993200000000005,0,0,6231,0.0026381099999999999,0,0,0,0
gap,cc,cc.twitter-15B,cc.twitter-15B.champsimtrace.xz,100000000,247151060,0.404611,2235758,20.761700000000001,2079154,415939,1663215,16.632100000000001,0.79994799999999999,2079154,415939,1663215,16.632100000000001,0.79994799999999999,1614133,16.141300000000001,1474,0.01474,1612659,16.1266,1614133,0.77634099999999995,0,0,49082,0.023606700000000001,0,0,0,0
gap,cc,cc.twitter-16B,cc.twitter-16B.champsimtrace.xz,100000000,187113205,0.53443600000000002,1573353,14.774800000000001,1485750,340282,1145468,11.454700000000001,0.77097000000000004,1485750,340282,1145468,11.454700000000001,0.77097000000000004,1115928,11.1593,1638,0.016379999999999999,1114290,11.142899999999999,1115928,0.75108699999999995,0,0,29540,0.019882199999999999,0,0,0,0
gap,cc,cc.twitter-17B,cc.twitter-17B.champsimtrace.xz,100000000,266747761,0.374886,2455337,24.404800000000002,2360135,929915,1430220,14.302199999999999,0.60599099999999995,2360135,929915,1430220,14.302199999999999,0.60599099999999995,1423759,14.2376,6326,0.063259999999999997,1417433,14.174300000000001,1423759,0.60325300000000004,0,0,6461,0.00273756,0,0,0,0
gap,cc,cc.twitter-25B,cc.twitter-25B.champsimtrace.xz,100000003,432294093,0.231324,1993284,18.562100000000001,1892869,454932,1437937,14.3794,0.75966,1892869,454932,1437937,14.3794,0.75966,1385690,13.8569,944,0.0094400000000000005,1384746,13.8475,1385690,0.73205799999999999,0,0,52247,0.027602000000000002,0,0,0,0
gap,cc,cc.twitter-69B,cc.twitter-69B.champsimtrace.xz,100000005,231519092,0.43192999999999998,3560028,34.217100000000002,2795999,327553,2468446,24.6845,0.88284899999999999,2795999,327553,2468446,24.6845,0.88284899999999999,2398238,23.982399999999998,58467,0.58467000000000002,2339771,23.3977,2398238,0.85773900000000003,0,0,70208,0.025110199999999999,0,0,0,0
gap,cc,cc.twitter-78B,cc.twitter-78B.champsimtrace.xz,100000003,216310008,0.46229900000000002,1930473,17.8901,1801348,377480,1423868,14.2387,0.79044599999999998,1801348,377480,1423868,14.2387,0.79044599999999998,1382606,13.8261,841,0.0084100000000000008,1381765,13.817600000000001,1382606,0.76754,0,0,41262,0.022906200000000002,0,0,0,0
gap,cc,cc.twitter-85B,cc.twitter-85B.champsimtrace.xz,100000005,208749177,0.47904400000000003,1845848,16.954799999999999,1707806,358560,1349246,13.4925,0.79004600000000003,1707806,358560,1349246,13.4925,0.79004600000000003,1306951,13.0695,1202,0.012019999999999999,1305749,13.057499999999999,1306951,0.76528099999999999,0,0,42295,0.024765700000000002,0,0,0,0
gap,cc,cc.urand-353B,cc.urand-353B.champsimtrace.xz,100000000,199692108,0.50077099999999997,3062520,26.146599999999999,2703651,459389,2244262,22.442599999999999,0.83008599999999999,2703651,459389,2244262,22.442599999999999,0.83008599999999999,2154058,21.540600000000001,194,0.0019400000000000001,2153864,21.538599999999999,2154058,0.79672200000000004,0,0,90204,0.033363799999999999,0,0,0,0
gap,cc,cc.web-101B,cc.web-101B.champsimtrace.xz,100000000,151948936,0.65811600000000003,782407,1.6966000000000001,169818,38664,131154,1.3115399999999999,0.77232100000000004,169818,38664,131154,1.3115399999999999,0.77232100000000004,25061,0.25061,737,0.0073699999999999998,24324,0.24324000000000001,25061,0.14757600000000001,0,0,106093,0.62474499999999999,0,0,0,0
gap,cc,cc.web-13B,cc.web-13B.champsimtrace.xz,100000003,94313171,1.0603,602897,1.5548999999999999,147684,38868,108816,1.08816,0.73681600000000003,147684,38868,108816,1.08816,0.73681600000000003,32435,0.32435000000000003,840,0.0083999999999999995,31595,0.31595000000000001,32435,0.21962400000000001,15,0.000101568,76366,0.51709099999999997,0,0,0,0
gap,cc,cc.web-34B,cc.web-34B.champsimtrace.xz,100000005,106238190,0.94128100000000003,807724,1.62565,149459,23625,125834,1.25834,0.84192999999999996,149459,23625,125834,1.25834,0.84192999999999996,25474,0.25474000000000002,745,0.00745,24729,0.24729000000000001,25474,0.17044100000000001,0,0,100360,0.671489,0,0,0,0
gap,cc,cc.web-99B,cc.web-99B.champsimtrace.xz,100000002,108537594,0.92134000000000005,817018,1.6747799999999999,147169,19828,127341,1.2734099999999999,0.86527100000000001,147169,19828,127341,1.2734099999999999,0.86527100000000001,25953,0.25952999999999998,638,0.0063800000000000003,25315,0.25314999999999999,25953,0.176348,0,0,101388,0.68892200000000003,0,0,0,0
gap,pr,pr.kron-349B,pr.kron-349B.champsimtrace.xz,100000001,4213033678,0.023735900000000001,17612843,175.67400000000001,17565851,274559,17291292,172.91300000000001,0.98436999999999997,17565851,274559,17291292,172.91300000000001,0.98436999999999997,17266629,172.666,4017,0.040169999999999997,17262612,172.626,17266629,0.98296600000000001,0,0,24663,0.0014040299999999999,0,0,0,0
gap,pr,pr.kron-90B,pr.kron-90B.champsimtrace.xz,100000003,4242109223,0.023573199999999999,17109477,170.648,17064594,259169,16805425,168.054,0.98481200000000002,17064594,259169,16805425,168.054,0.98481200000000002,16780722,167.80699999999999,4151,0.041509999999999998,16776571,167.76599999999999,16780722,0.98336500000000004,0,0,24703,0.0014476199999999999,0,0,0,0
gap,pr,pr.twitter-168B,pr.twitter-168B.champsimtrace.xz,100000000,2992564781,0.0334162,17028973,169.56700000000001,16955567,3026816,13928751,139.28800000000001,0.82148500000000002,16955567,3026816,13928751,139.28800000000001,0.82148500000000002,13898056,138.98099999999999,6744,0.06744,13891312,138.91300000000001,13898056,0.81967500000000004,0,0,30695,0.00181032,0,0,0,0
gap,pr,pr.twitter-2161B,pr.twitter-2161B.champsimtrace.xz,100000002,1969621270,0.050771200000000002,8596320,83.455600000000004,8407801,1179675,7228126,72.281300000000002,0.85969300000000004,8407801,1179675,7228126,72.281300000000002,0.85969300000000004,7148421,71.484200000000001,46939,0.46938999999999997,7101482,71.014799999999994,7148421,0.850213,0,0,79705,0.0094798899999999995,0,0,0,0
gap,pr,pr.twitter-2741B,pr.twitter-2741B.champsimtrace.xz,100000004,3112226793,0.032131300000000002,16961176,168.90199999999999,16865114,2652728,14212386,142.124,0.84270900000000004,16865114,2652728,14212386,142.124,0.84270900000000004,14181266,141.81299999999999,7366,0.073660000000000003,14173900,141.739,14181266,0.84086399999999994,0,0,31120,0.00184523,0,0,0,0
gap,pr,pr.twitter-3197B,pr.twitter-3197B.champsimtrace.xz,100000004,3171382700,0.031531999999999998,16961766,168.91499999999999,16895725,2476387,14419338,144.19300000000001,0.85343100000000005,16895725,2476387,14419338,144.19300000000001,0.85343100000000005,14388054,143.881,7684,0.076840000000000006,14380370,143.804,14388054,0.85158,0,0,31284,0.00185159,0,0,0,0
gap,pr,pr.twitter-833B,pr.twitter-833B.champsimtrace.xz,100000001,3549856340,0.028170199999999999,17096671,170.398,17048544,1318413,15730131,157.30099999999999,0.92266700000000001,17048544,1318413,15730131,157.30099999999999,0.92266700000000001,15701423,157.01400000000001,5466,0.05466,15695957,156.96000000000001,15701423,0.920983,0,0,28708,0.0016838999999999999,0,0,0,0
gap,pr,pr.urand-2209B,pr.urand-2209B.champsimtrace.xz,100000002,4644746495,0.021529699999999999,18296195,182.273,18219156,456831,17762325,177.62299999999999,0.97492599999999996,18219156,456831,17762325,177.62299999999999,0.97492599999999996,17729862,177.29900000000001,4444,0.04444,17725418,177.25399999999999,17729862,0.97314400000000001,0,0,32463,0.00178181,0,0,0,0
gap,sssp,sssp.kron-246B,sssp.kron-246B.champsimtrace.xz,100000000,548990278,0.18215300000000001,10762849,106.503,7763087,264962,7498125,74.981300000000005,0.96586899999999998,7763087,264962,7498125,74.981300000000005,0.96586899999999998,7461931,74.619299999999996,6808,0.068080000000000002,7455123,74.551199999999994,7461931,0.96120700000000003,0,0,36194,0.0046623200000000002,0,0,0,0
gap,sssp,sssp.road-66B,sssp.road-66B.champsimtrace.xz,100000005,285872226,0.34980699999999998,2539989,25.343699999999998,1977894,1531504,446390,4.4638999999999998,0.22569,1977894,1531504,446390,4.4638999999999998,0.22569,443025,4.43025,457,0.0045700000000000003,442568,4.4256799999999998,443025,0.22398799999999999,1080,0.00054603500000000005,2285,0.0011552699999999999,0,0,0,0
gap,sssp,sssp.twitter-1116B,sssp.twitter-1116B.champsimtrace.xz,100000002,341242528,0.293047,3478233,32.999099999999999,2983145,799692,2183453,21.834499999999998,0.73192999999999997,2983145,799692,2183453,21.834499999999998,0.73192999999999997,2099346,20.993500000000001,40592,0.40592,2058754,20.587499999999999,2099346,0.70373600000000003,0,0,84107,0.0281941,0,0,0,0
gap,sssp,sssp.twitter-792B,sssp.twitter-792B.champsimtrace.xz,100000001,974103338,0.102659,8691793,86.626999999999995,6500795,431995,6068800,60.688000000000002,0.93354700000000002,6500795,431995,6068800,60.688000000000002,0.93354700000000002,6057695,60.576900000000002,1941,0.01941,6055754,60.557499999999997,6057695,0.93183899999999997,32,4.9224700000000003e-06,11073,0.0017033300000000001,0,0,0,0
gap,sssp,sssp.twitter-900B,sssp.twitter-900B.champsimtrace.xz,100000000,300491553,0.33278799999999997,7676791,75.695599999999999,7048504,600426,6448078,64.480800000000002,0.91481500000000004,7048504,600426,6448078,64.480800000000002,0.91481500000000004,6390224,63.902200000000001,40183,0.40183000000000002,6350041,63.500399999999999,6390224,0.90660700000000005,2,2.8374799999999998e-07,57852,0.0082077000000000001,0,0,0,0
gap,sssp,sssp.urand-3381B,sssp.urand-3381B.champsimtrace.xz,100000000,593615877,0.168459,12610019,125.242,7845515,182647,7662868,76.628699999999995,0.97672000000000003,7845515,182647,7662868,76.628699999999995,0.97672000000000003,7638404,76.384,2263,0.022630000000000001,7636141,76.361400000000003,7638404,0.97360100000000005,0,0,24464,0.0031182100000000002,0,0,0,0
gap,sssp,sssp.urand-3988B,sssp.urand-3988B.champsimtrace.xz,100000004,568743238,0.17582600000000001,12158657,120.508,7832003,237849,7594154,75.941500000000005,0.96963100000000002,7832003,237849,7594154,75.941500000000005,0.96963100000000002,7554511,75.545100000000005,2599,0.025989999999999999,7551912,75.519099999999995,7554511,0.96456900000000001,0,0,39643,0.0050616699999999999,0,0,0,0
gap,sssp,sssp.urand-4669B,sssp.urand-4669B.champsimtrace.xz,100000005,587017990,0.170353,11410814,113.17700000000001,7693771,321765,7372006,73.720100000000002,0.958179,7693771,321765,7372006,73.720100000000002,0.958179,7341896,73.418999999999997,2283,0.02283,7339613,73.396100000000004,7341896,0.95426500000000003,0,0,30110,0.00391356,0,0,0,0
gap,sssp,sssp.urand-4819B,sssp.urand-4819B.champsimtrace.xz,100000000,595441491,0.16794300000000001,10916950,108.17700000000001,7635661,360362,7275299,72.753,0.95280500000000001,7635661,360362,7275299,72.753,0.95280500000000001,7236050,72.360500000000002,1832,0.018319999999999999,7234218,72.342200000000005,7236050,0.94766499999999998,0,0,39249,0.00514022,0,0,0,0
gap,sssp,sssp.web-1185B,sssp.web-1185B.champsimtrace.xz,100000001,270796874,0.36928,3175537,30.084800000000001,1178822,432252,746570,7.4657,0.63331899999999997,1178822,432252,746570,7.4657,0.63331899999999997,707038,7.0703800000000001,11848,0.11848,695190,6.9519000000000002,707038,0.59978399999999998,9,7.6347399999999993e-06,39523,0.033527500000000002,0,0,0,0
gap,tc,tc.twitter-34B,tc.twitter-34B.champsimtrace.xz,100000000,169832936,0.58881399999999995,654206,5.7141500000000001,439284,17791,421493,4.2149299999999998,0.95950000000000002,439284,17791,421493,4.2149299999999998,0.95950000000000002,379825,3.7982499999999999,27614,0.27614,352211,3.5221100000000001,379825,0.86464600000000003,1,2.2764299999999999e-06,41667,0.094852099999999995,0,0,0,0
gap,tc,tc.urand-1112B,tc.urand-1112B.champsimtrace.xz,100000002,645391333,0.154945,1156344,11.370100000000001,829267,15515,813752,8.1375200000000003,0.98129100000000002,829267,15515,813752,8.1375200000000003,0.98129100000000002,808316,8.0831599999999995,229,0.0022899999999999999,808087,8.0808700000000009,808316,0.97473600000000005,0,0,5436,0.0065551899999999998,0,0,0,0
gap,tc,tc.urand-187B,tc.urand-187B.champsimtrace.xz,100000000,688997183,0.14513799999999999,1316590,13.0267,949048,16696,932352,9.3235200000000003,0.98240799999999995,949048,16696,932352,9.3235200000000003,0.98240799999999995,927948,9.2794799999999995,243,0.0024299999999999999,927705,9.2770499999999991,927948,0.97776700000000005,0,0,4404,0.00464044,0,0,0,0
gap,tc,tc.urand-455B,tc.urand-455B.champsimtrace.xz,100000000,858383549,0.116498,2065627,20.5943,1499340,19514,1479826,14.798299999999999,0.986985,1499340,19514,1479826,14.798299999999999,0.986985,1476567,14.765700000000001,422,0.0042199999999999998,1476145,14.7614,1476567,0.98481099999999999,0,0,3259,0.0021736199999999998,0,0,0,0
gap,tc,tc.urand-504B,tc.urand-504B.champsimtrace.xz,100000000,766588020,0.13044800000000001,1639115,16.304500000000001,1184199,17987,1166212,11.662100000000001,0.98481099999999999,1184199,17987,1166212,11.662100000000001,0.98481099999999999,1162734,11.6273,269,0.0026900000000000001,1162465,11.624700000000001,1162734,0.98187400000000002,0,0,3478,0.0029370099999999999,0,0,0,0
gap,tc,tc.urand-825B,tc.urand-825B.champsimtrace.xz,100000001,1349355682,0.074109400000000006,5324206,53.036700000000003,3971849,80425,3891424,38.914200000000001,0.97975100000000004,3971849,80425,3891424,38.914200000000001,0.97975100000000004,3874313,38.743099999999998,12483,0.12483,3861830,38.618299999999998,3874313,0.97544299999999995,0,0,17111,0.0043080699999999998,0,0,0,0
ligra,ligra_BC,ligra_BC.com-lj.ungraph.gcc_6.3.0_O3.drop_26750M.length_250M,ligra_BC.com-lj.ungraph.gcc_6.3.0_O3.drop_26750M.length_250M.champsimtrace.xz,100000003,178632172,0.55981000000000003,759906,6.3069100000000002,536981,423599,113382,1.1338200000000001,0.211147,536981,423599,113382,1.1338200000000001,0.211147,70441,0.70440999999999998,5721,0.057209999999999997,64720,0.6472,70441,0.13117999999999999,2,3.7245300000000001e-06,42939,0.079963699999999999,0,0,0,0
ligra,ligra_BFS,ligra_BFS.com-lj.ungraph.gcc_6.3.0_O3.drop_21500M.length_250M,ligra_BFS.com-lj.ungraph.gcc_6.3.0_O3.drop_21500M.length_250M.champsimtrace.xz,100000000,160337805,0.62368299999999999,766796,6.5069900000000001,499691,392086,107605,1.07605,0.21534300000000001,499691,392086,107605,1.07605,0.21534300000000001,77895,0.77895000000000003,6218,0.062179999999999999,71677,0.71677000000000002,77895,0.155886,58,0.000116072,29652,0.059340700000000003,0,0,0,0
ligra,ligra_BellmanFord,ligra_BellmanFord.com-lj.ungraph.gcc_6.3.0_O3.drop_33750M.length_250M,ligra_BellmanFord.com-lj.ungraph.gcc_6.3.0_O3.drop_33750M.length_250M.champsimtrace.xz,100000002,248619144,0.40222200000000002,1845318,17.622199999999999,1615172,1013008,602164,6.0216399999999997,0.37281700000000001,1615172,1013008,602164,6.0216399999999997,0.37281700000000001,575817,5.7581699999999998,862,0.0086199999999999992,574955,5.7495500000000002,575817,0.35650500000000002,0,0,26347,0.016312199999999999,0,0,0,0
ligra,ligra_CF,ligra_CF.com-lj.ungraph.gcc_6.3.0_O3.drop_184750M.length_250M,ligra_CF.com-lj.ungraph.gcc_6.3.0_O3.drop_184750M.length_250M.champsimtrace.xz,100000002,92976785,1.0755399999999999,1974391,19.333600000000001,350885,169626,181259,1.8125899999999999,0.51657699999999995,350885,169626,181259,1.8125899999999999,0.51657699999999995,170260,1.7025999999999999,4475,0.044749999999999998,165785,1.65785,170260,0.48522999999999999,0,0,10999,0.031346499999999999,0,0,0,0
ligra,ligra_Components,ligra_Components.com-lj.ungraph.gcc_6.3.0_O3.drop_22750M.length_250M,ligra_Components.com-lj.ungraph.gcc_6.3.0_O3.drop_22750M.length_250M.champsimtrace.xz,100000004,220608036,0.453293,7289138,70.962299999999999,6915341,6502119,413222,4.1322200000000002,0.059754399999999999,6915341,6502119,413222,4.1322200000000002,0.059754399999999999,298660,2.9866000000000001,9401,0.094009999999999996,289259,2.8925900000000002,298660,0.043187999999999997,0,0,114562,0.016566399999999998,0,0,0,0
ligra,ligra_Components-Shortcut,ligra_Components-Shortcut.com-lj.ungraph.gcc_6.3.0_O3.drop_22000M.length_250M,ligra_Components-Shortcut.com-lj.ungraph.gcc_6.3.0_O3.drop_22000M.length_250M.champsimtrace.xz,100000003,214143174,0.46697699999999998,7767819,76.789599999999993,7279044,7149141,129903,1.2990299999999999,0.0178462,7279044,7149141,129903,1.2990299999999999,0.0178462,106629,1.06629,6807,0.068070000000000006,99822,0.99822,106629,0.0146488,0,0,23274,0.0031974,0,0,0,0
ligra,ligra_PageRank,ligra_PageRank.com-lj.ungraph.gcc_6.3.0_O3.drop_21750M.length_250M,ligra_PageRank.com-lj.ungraph.gcc_6.3.0_O3.drop_21750M.length_250M.champsimtrace.xz,100000001,169316343,0.59060999999999997,8698283,84.272599999999997,8127190,5041546,3085644,30.856400000000001,0.37966899999999998,8127190,5041546,3085644,30.856400000000001,0.37966899999999998,2983354,29.833500000000001,66277,0.66276999999999997,2917077,29.1708,2983354,0.36708299999999999,0,0,102290,0.012586099999999999,0,0,0,0
ligra,ligra_PageRank,ligra_PageRank.com-lj.ungraph.gcc_6.3.0_O3.drop_60750M.length_250M,ligra_PageRank.com-lj.ungraph.gcc_6.3.0_O3.drop_60750M.length_250M.champsimtrace.xz,100000001,117265592,0.852765,638096,5.0617099999999997,489687,125403,364284,3.6428400000000001,0.74391200000000002,489687,125403,364284,3.6428400000000001,0.74391200000000002,328429,3.2842899999999999,2597,0.02597,325832,3.2583199999999999,328429,0.67069199999999995,8,1.6337e-05,35847,0.073203900000000002,0,0,0,0
ligra,ligra_PageRank,ligra_PageRank.com-lj.ungraph.gcc_6.3.0_O3.drop_79500M.length_250M,ligra_PageRank.com-lj.ungraph.gcc_6.3.0_O3.drop_79500M.length_250M.champsimtrace.xz,100000003,195170177,0.51237299999999997,6180372,60.816200000000002,5816814,2494449,3322365,33.223599999999998,0.57116599999999995,5816814,2494449,3322365,33.223599999999998,0.57116599999999995,3280519,32.805199999999999,26798,0.26798,3253721,32.537199999999999,3280519,0.56397200000000003,0,0,41846,0.0071939700000000001,0,0,0,0
ligra,ligra_PageRankDelta,ligra_PageRankDelta.com-lj.ungraph.gcc_6.3.0_O3.drop_24000M.length_250M,ligra_PageRankDelta.com-lj.ungraph.gcc_6.3.0_O3.drop_24000M.length_250M.champsimtrace.xz,100000005,153931826,0.64963800000000005,764815,6.6461499999999996,507302,310323,196979,1.9697899999999999,0.38828699999999999,507302,310323,196979,1.9697899999999999,0.38828699999999999,155492,1.5549200000000001,740,0.0074000000000000003,154752,1.54752,155492,0.306508,3,5.9136399999999998e-06,41484,0.081773799999999994,0,0,0,0
ligra,ligra_PageRankDelta,ligra_PageRankDelta.com-lj.ungraph.gcc_6.3.0_O3.drop_24500M.length_250M,ligra_PageRankDelta.com-lj.ungraph.gcc_6.3.0_O3.drop_24500M.length_250M.champsimtrace.xz,100000000,146422596,0.68295499999999998,1737418,17.1602,1568066,844251,723815,7.2381500000000001,0.46159699999999998,1568066,844251,723815,7.2381500000000001,0.46159699999999998,715020,7.1501999999999999,1043,0.01043,713977,7.1397700000000004,715020,0.455988,0,0,8795,0.0056088199999999996,0,0,0,0
ligra,ligra_PageRankDelta,ligra_PageRankDelta.com-lj.ungraph.gcc_6.3.0_O3.drop_52000M.length_250M,ligra_PageRankDelta.com-lj.ungraph.gcc_6.3.0_O3.drop_52000M.length_250M.champsimtrace.xz,100000002,154391573,0.64770399999999995,462383,3.7980399999999999,356157,228154,128003,1.28003,0.3594,356157,228154,128003,1.28003,0.3594,105360,1.0536000000000001,255,0.0025500000000000002,105105,1.05105,105360,0.295825,8,2.2461999999999999e-05,22635,0.063553399999999996,0,0,0,0
ligra,ligra_Radii,ligra_Radii.com-lj.ungraph.gcc_6.3.0_O3.drop_25000M.length_250M,ligra_Radii.com-lj.ungraph.gcc_6.3.0_O3.drop_25000M.length_250M.champsimtrace.xz,100000005,358644434,0.27882800000000002,3285656,32.328600000000002,2547489,487626,2059863,20.598600000000001,0.80858600000000003,2547489,487626,2059863,20.598600000000001,0.80858600000000003,2033510,20.335100000000001,12499,0.12499,2021011,20.210100000000001,2033510,0.79824099999999998,0,0,26353,0.0103447,0,0,0,0
ligra,ligra_Radii,ligra_Radii.com-lj.ungraph.gcc_6.3.0_O3.drop_32000M.length_250M,ligra_Radii.com-lj.ungraph.gcc_6.3.0_O3.drop_32000M.length_250M.champsimtrace.xz,100000000,365367904,0.27369700000000002,5178340,50.936100000000003,4747184,4584010,163174,1.63174,0.034372800000000002,4747184,4584010,163174,1.63174,0.034372800000000002,126513,1.2651300000000001,8230,0.082299999999999998,118283,1.18283,126513,0.026650099999999999,0,0,36661,0.00772268,0,0,0,0
ligra,ligra_Radii,ligra_Radii.com-lj.ungraph.gcc_6.3.0_O3.drop_36000M.length_250M,ligra_Radii.com-lj.ungraph.gcc_6.3.0_O3.drop_36000M.length_250M.champsimtrace.xz,100000004,360845656,0.27712700000000001,2493641,24.223600000000001,2365301,2004972,360329,3.6032899999999999,0.15234,2365301,2004972,360329,3.6032899999999999,0.15234,330694,3.30694,8412,0.08412,322282,3.22282,330694,0.13981099999999999,6,2.5366800000000001e-06,29629,0.012526499999999999,0,0,0,0
qmm,qmm_fp,compute_fp_1_new,compute_fp_1_new.champsimtrace.xz,100000000,159193812,0.62816499999999997,930510,7.0990200000000003,463274,363259,100015,1.0001500000000001,0.215887,463274,363259,100015,1.0001500000000001,0.215887,45379,0.45379000000000003,8145,0.081449999999999995,37234,0.37234,45379,0.097952800000000007,193,0.00041659999999999999,54443,0.117518,0,0,0,0
qmm,qmm_fp,compute_fp_5_new,compute_fp_5_new.champsimtrace.xz,100000002,107494912,0.93027700000000002,1719153,14.2752,974035,628799,345236,3.4523600000000001,0.354439,974035,628799,345236,3.4523600000000001,0.354439,191551,1.91551,95785,0.95784999999999998,95766,0.95765999999999996,191551,0.196657,63,6.4679399999999996e-05,153622,0.157717,0,0,0,0
qmm,qmm_fp,compute_fp_7_new,compute_fp_7_new.champsimtrace.xz,100000002,220565846,0.45337899999999998,2085234,19.399699999999999,1544099,1342551,201548,2.0154800000000002,0.13052800000000001,1544099,1342551,201548,2.0154800000000002,0.13052800000000001,160031,1.6003099999999999,17950,0.17949999999999999,142081,1.4208099999999999,160031,0.10364,275,0.000178097,41242,0.026709400000000001,0,0,0,0
qmm,qmm_int,compute_int_14_new,compute_int_14_new.champsimtrace.xz,100000001,56052006,1.78406,809043,7.3709899999999999,581029,23991,557038,5.5703800000000001,0.95870900000000003,581029,23991,557038,5.5703800000000001,0.95870900000000003,497999,4.9799899999999999,27279,0.27278999999999998,470720,4.7072000000000003,497999,0.85709800000000003,1230,0.0021169299999999999,57809,0.099494200000000005,0,0,0,0
qmm,qmm_int,compute_int_23_new,compute_int_23_new.champsimtrace.xz,100000004,191950518,0.52096799999999999,1033558,2.9518399999999998,778789,284561,494228,4.9422800000000002,0.63461100000000004,778789,284561,494228,4.9422800000000002,0.63461100000000004,148086,1.4808600000000001,78259,0.78259000000000001,69827,0.69826999999999995,148086,0.19014900000000001,54,6.9338399999999993e-05,346088,0.44439299999999998,0,0,0,0
qmm,qmm_int,compute_int_27_new,compute_int_27_new.champsimtrace.xz,100000000,186406831,0.53646099999999997,838033,7.2292800000000002,301013,13299,287714,2.8771399999999998,0.95581899999999997,301013,13299,287714,2.8771399999999998,0.95581899999999997,262550,2.6255000000000002,12384,0.12384000000000001,250166,2.5016600000000002,262550,0.87222100000000002,98,0.00032556700000000002,25066,0.083272200000000005,0,0,0,0
qmm,qmm_int,compute_int_2_new,compute_int_2_new.champsimtrace.xz,100000001,709320252,0.14097999999999999,10769597,107.639,7420451,6475365,945086,9.4508600000000005,0.127362,7420451,6475365,945086,9.4508600000000005,0.127362,944672,9.4467199999999991,237,0.0023700000000000001,944435,9.44435,944672,0.127307,60,8.0857600000000003e-06,354,4.7706e-05,0,0,0,0
qmm,qmm_int,compute_int_34_new,compute_int_34_new.champsimtrace.xz,100000005,120779116,0.82795799999999997,533604,2.1652399999999998,250229,154385,95844,0.95843999999999996,0.383025,250229,154385,95844,0.95843999999999996,0.383025,9911,0.099110000000000004,2005,0.020049999999999998,7906,0.079060000000000005,9911,0.039607700000000003,124,0.00049554600000000003,85809,0.342922,0,0,0,0
qmm,qmm_int,compute_int_37_new,compute_int_37_new.champsimtrace.xz,100000002,266440124,0.37531900000000001,6371232,63.2014,3019404,636116,2383288,23.832899999999999,0.78932400000000003,3019404,636116,2383288,23.832899999999999,0.78932400000000003,2366600,23.666,6681,0.066809999999999994,2359919,23.5992,2366600,0.78379699999999997,172,5.6964900000000001e-05,16516,0.0054699500000000003,0,0,0,0
qmm,qmm_int,compute_int_38_new,compute_int_38_new.champsimtrace.xz,100000000,152103054,0.65744899999999995,2577819,25.3796,2011314,1543930,467384,4.6738400000000002,0.232377,2011314,1543930,467384,4.6738400000000002,0.232377,438067,4.3806700000000003,16439,0.16439000000000001,421628,4.2162800000000002,438067,0.21780099999999999,1090,0.00054193399999999999,28227,0.014034100000000001,0,0,0,0
qmm,qmm_int,compute_int_45_new,compute_int_45_new.champsimtrace.xz,100000003,524487340,0.190662,2000627,18.3797,260756,12,260744,2.60744,0.99995400000000001,260756,12,260744,2.60744,0.99995400000000001,222290,2.2229000000000001,16715,0.16714999999999999,205575,2.0557500000000002,222290,0.85248299999999999,108,0.00041418,38346,0.14705699999999999,0,0,0,0
qmm,qmm_srv,srv_0_new,srv_0_new.champsimtrace.xz,100000005,61984668,1.6133,1699015,16.986000000000001,1636603,1408373,228230,2.2823000000000002,0.13945299999999999,1636603,1408373,228230,2.2823000000000002,0.13945299999999999,140325,1.4032500000000001,57,0.00056999999999999998,140268,1.4026799999999999,140325,0.085741600000000001,87768,0.053628200000000001,137,8.3709999999999996e-05,0,0,0,0
qmm,qmm_srv,srv_10_new,srv_10_new.champsimtrace.xz,100000000,59407170,1.6833,1685943,16.852799999999998,1620437,1387981,232456,2.32456,0.143453,1620437,1387981,232456,2.32456,0.143453,144644,1.4464399999999999,97,0.00097000000000000005,144547,1.44547,144644,0.089262300000000003,87616,0.054069399999999997,196,0.000120955,0,0,0,0
qmm,qmm_srv,srv_1_new,srv_1_new.champsimtrace.xz,100000004,98923891,1.01088,7126325,59.034399999999998,5106316,4499592,606724,6.06724,0.11881799999999999,5106316,4499592,606724,6.06724,0.11881799999999999,100817,1.00817,90,0.00089999999999999998,100727,1.0072700000000001,100817,0.0197436,62666,0.0122723,443241,0.086802500000000005,0,0,0,0
qmm,qmm_srv,srv_2_new,srv_2_new.champsimtrace.xz,100000000,55143243,1.8134600000000001,1720877,17.2087,1647022,1480086,166936,1.66936,0.101356,1647022,1480086,166936,1.66936,0.101356,109142,1.0914200000000001,0,0,109142,1.0914200000000001,109142,0.0662663,57785,0.035084499999999998,9,5.4644100000000004e-06,0,0,0,0
qmm,qmm_srv,srv_3_new,srv_3_new.champsimtrace.xz,100000000,54713103,1.82772,1593336,15.933199999999999,1525181,1359703,165478,1.6547799999999999,0.108497,1525181,1359703,165478,1.6547799999999999,0.108497,108258,1.0825800000000001,0,0,108258,1.0825800000000001,108258,0.070980399999999999,57207,0.037508300000000001,13,8.5235799999999995e-06,0,0,0,0
qmm,qmm_srv,srv_4_new,srv_4_new.champsimtrace.xz,100000000,52787580,1.89439,1719263,17.192599999999999,1651084,1492810,158274,1.58274,0.095860699999999993,1651084,1492810,158274,1.58274,0.095860699999999993,104054,1.04054,0,0,104054,1.04054,104054,0.063021599999999997,54220,0.032839,0,0,0,0,0,0
qmm,qmm_srv,srv_5_new,srv_5_new.champsimtrace.xz,100000002,52100325,1.91937,1733380,17.3338,1664393,1504595,159798,1.59798,0.096009800000000006,1664393,1504595,159798,1.59798,0.096009800000000006,104093,1.0409299999999999,1,1.0000000000000001e-05,104092,1.0409200000000001,104093,0.062541100000000002,55703,0.033467499999999997,2,1.2016399999999999e-06,0,0,0,0
qmm,qmm_srv,srv_60_new,srv_60_new.champsimtrace.xz,100000003,64091409,1.56027,1741892,17.414000000000001,1667960,1414686,253274,2.53274,0.15184700000000001,1667960,1414686,253274,2.53274,0.15184700000000001,162350,1.6234999999999999,49,0.00048999999999999998,162301,1.6230100000000001,162350,0.097334500000000004,90804,0.054440200000000001,120,7.1944200000000001e-05,0,0,0,0
qmm,qmm_srv,srv_61_new,srv_61_new.champsimtrace.xz,100000002,62176456,1.60833,1675397,16.748000000000001,1621575,1392650,228925,2.28925,0.14117399999999999,1621575,1392650,228925,2.28925,0.14117399999999999,141708,1.4170799999999999,55,0.00055000000000000003,141653,1.4165300000000001,141708,0.087389099999999997,87075,0.053697799999999997,142,8.7569200000000002e-05,0,0,0,0
qmm,qmm_srv,srv_62_new,srv_62_new.champsimtrace.xz,100000000,55200501,1.81158,1708019,17.080100000000002,1620726,1449851,170875,1.70875,0.105431,1620726,1449851,170875,1.70875,0.105431,111589,1.11589,1,1.0000000000000001e-05,111588,1.11588,111589,0.068851200000000001,59280,0.036576200000000003,6,3.7020400000000001e-06,0,0,0,0
qmm,qmm_srv,srv_63_new,srv_63_new.champsimtrace.xz,100000003,55210431,1.81125,1727739,17.277200000000001,1650486,1472870,177616,1.77616,0.107614,1650486,1472870,177616,1.77616,0.107614,116052,1.16052,0,0,116052,1.16052,116052,0.070313799999999996,61547,0.037290200000000003,17,1.03e-05,0,0,0,0
qmm,qmm_srv,srv_64_new,srv_64_new.champsimtrace.xz,100000004,51822260,1.92967,1705942,17.0594,1632596,1472415,160181,1.60181,0.098114300000000002,1632596,1472415,160181,1.60181,0.098114300000000002,104303,1.0430299999999999,0,0,104303,1.0430299999999999,104303,0.063887799999999995,55876,0.034225199999999997,2,1.22504e-06,0,0,0,0
qmm,qmm_srv,srv_65_new,srv_65_new.champsimtrace.xz,100000000,51622475,1.9371400000000001,1609864,16.098600000000001,1543323,1386452,156871,1.56871,0.101645,1543323,1386452,156871,1.56871,0.101645,102184,1.0218400000000001,0,0,102184,1.0218400000000001,102184,0.066210400000000003,54687,0.035434599999999997,0,0,0,0,0,0
qmm,qmm_srv,srv_66_new,srv_66_new.champsimtrace.xz,100000004,55005937,1.81799,1696951,16.9694,1629479,1458201,171278,1.71278,0.105112,1629479,1458201,171278,1.71278,0.105112,109066,1.09066,7,6.9999999999999994e-05,109059,1.0905899999999999,109066,0.066933099999999995,62202,0.038172900000000003,10,6.13693e-06,0,0,0,0
qmm,qmm_srv,srv_67_new,srv_67_new.champsimtrace.xz,100000004,53890953,1.8555999999999999,1713439,17.134399999999999,1640527,1477132,163395,1.63395,0.099599099999999996,1640527,1477132,163395,1.63395,0.099599099999999996,104383,1.04383,0,0,104383,1.04383,104383,0.063627699999999995,59012,0.035971400000000001,0,0,0,0,0,0
qmm,qmm_srv,srv_68_new,srv_68_new.champsimtrace.xz,100000002,57402344,1.7420899999999999,1611309,16.113,1538850,1348691,190159,1.9015899999999999,0.123572,1538850,1348691,190159,1.9015899999999999,0.123572,122884,1.2288399999999999,0,0,122884,1.2288399999999999,122884,0.079854400000000006,67271,0.0437151,4,2.5993400000000001e-06,0,0,0,0
qmm,qmm_srv,srv_69_new,srv_69_new.champsimtrace.xz,100000002,66468178,1.50448,1649326,16.489100000000001,1599141,1372372,226769,2.26769,0.14180699999999999,1599141,1372372,226769,2.26769,0.14180699999999999,142254,1.4225399999999999,75,0.00075000000000000002,142179,1.4217900000000001,142254,0.088956499999999994,84384,0.052768299999999997,131,8.1919e-05,0,0,0,0
qmm,qmm_srv,srv_6_new,srv_6_new.champsimtrace.xz,100000003,53136331,1.88195,1683669,16.8367,1613320,1441354,171966,1.71966,0.10659100000000001,1613320,1441354,171966,1.71966,0.10659100000000001,110555,1.10555,0,0,110555,1.10555,110555,0.068526400000000001,61411,0.038065000000000002,0,0,0,0,0,0
qmm,qmm_srv,srv_7_new,srv_7_new.champsimtrace.xz,100000003,58806159,1.7004999999999999,1617791,16.177900000000001,1563932,1351108,212824,2.1282399999999999,0.13608300000000001,1563932,1351108,212824,2.1282399999999999,0.13608300000000001,132114,1.32114,5,5.0000000000000002e-05,132109,1.3210900000000001,132114,0.084475499999999995,80705,0.051603900000000001,5,3.1970699999999999e-06,0,0,0,0
parsec,parsec_canneal,parsec_2.1.canneal.simlarge.prebuilt.drop_1250M.length_250M,parsec_2.1.canneal.simlarge.prebuilt.drop_1250M.length_250M.champsimtrace.xz,100000002,200410944,0.498975,1041746,10.406000000000001,867584,565840,301744,3.0174400000000001,0.347798,867584,565840,301744,3.0174400000000001,0.347798,300689,3.0068899999999998,794,0.0079399999999999991,299895,2.9989499999999998,300689,0.346582,44,5.0715599999999999e-05,1011,0.0011653099999999999,0,0,0,0
parsec,parsec_canneal,parsec_2.1.canneal.simlarge.prebuilt.drop_3000M.length_250M,parsec_2.1.canneal.simlarge.prebuilt.drop_3000M.length_250M.champsimtrace.xz,100000004,255073058,0.39204499999999998,1439778,14.379799999999999,1220137,743502,476635,4.7663500000000001,0.39064100000000002,1220137,743502,476635,4.7663500000000001,0.39064100000000002,475100,4.7510000000000003,1048,0.01048,474052,4.7405200000000001,475100,0.38938299999999998,32,2.6226600000000001e-05,1503,0.0012318299999999999,0,0,0,0
parsec,parsec_canneal,parsec_2.1.canneal.simlarge.prebuilt.drop_4500M.length_250M,parsec_2.1.canneal.simlarge.prebuilt.drop_4500M.length_250M.champsimtrace.xz,100000003,265288780,0.37694800000000001,1551407,15.491899999999999,1326193,804593,521600,5.2160000000000002,0.39330599999999999,1326193,804593,521600,5.2160000000000002,0.39330599999999999,519861,5.1986100000000004,936,0.0093600000000000003,518925,5.1892500000000004,519861,0.39199499999999998,30,2.2621099999999999e-05,1709,0.0012886499999999999,0,0,0,0
parsec,parsec_canneal,parsec_2.1.canneal.simlarge.prebuilt.drop_4750M.length_250M,parsec_2.1.canneal.simlarge.prebuilt.drop_4750M.length_250M.champsimtrace.xz,100000002,335122140,0.29839900000000003,3401156,33.995600000000003,2502708,1275027,1227681,12.2768,0.490541,2502708,1275027,1227681,12.2768,0.490541,1226895,12.2689,212,0.0021199999999999999,1226683,12.2668,1226895,0.49022700000000002,7,2.7969700000000001e-06,779,0.00031126299999999999,0,0,0,0
parsec,parsec_canneal,parsec_2.1.canneal.simlarge.prebuilt.drop_5000M.length_15M,parsec_2.1.canneal.simlarge.prebuilt.drop_5000M.length_15M.champsimtrace.xz,100000002,341354166,0.29295100000000002,3777994,37.702599999999997,2783145,1529441,1253704,12.537000000000001,0.450463,2783145,1529441,1253704,12.537000000000001,0.450463,1252418,12.5242,138,0.0013799999999999999,1252280,12.5228,1252418,0.45000099999999998,0,0,1286,0.00046206699999999998,0,0,0,0
parsec,parsec_canneal,parsec_2.1.canneal.simlarge.prebuilt.drop_500M.length_250M,parsec_2.1.canneal.simlarge.prebuilt.drop_500M.length_250M.champsimtrace.xz,100000001,151357900,0.660686,765558,7.6342800000000004,640781,475086,165695,1.6569499999999999,0.25858300000000001,640781,475086,165695,1.6569499999999999,0.25858300000000001,164022,1.64022,1323,0.01323,162699,1.6269899999999999,164022,0.25597199999999998,54,8.4272199999999996e-05,1619,0.0025265999999999999,0,0,0,0
xsbench,xsbench_XL100hash,xs.XL100hash-194B,xs.XL100hash-194B.champsimtrace.xz,100000002,461553460,0.21665999999999999,3492698,34.884700000000002,838165,14801,823364,8.2336399999999994,0.98234100000000002,838165,14801,823364,8.2336399999999994,0.98234100000000002,821113,8.2111300000000007,586,0.0058599999999999998,820527,8.2052700000000005,821113,0.97965599999999997,0,0,2251,0.00268563,0,0,0,0
xsbench,xsbench_XL100hash,xs.XL100hash-28B,xs.XL100hash-28B.champsimtrace.xz,100000004,194065539,0.51529000000000003,1086637,10.693300000000001,1036315,931087,105228,1.0522800000000001,0.10154100000000001,1036315,931087,105228,1.0522800000000001,0.10154100000000001,99486,0.99485999999999997,2687,0.026870000000000002,96799,0.96799000000000002,99486,0.095999799999999996,0,0,5742,0.0055407900000000003,0,0,0,0
xsbench,xsbench_XL100nuclide,xs.XL100nuclide-185B,xs.XL100nuclide-185B.champsimtrace.xz,100000001,645780595,0.15485099999999999,4012414,40.060499999999998,3799319,146514,3652805,36.527999999999999,0.96143699999999999,3799319,146514,3652805,36.527999999999999,0.96143699999999999,3648444,36.484400000000001,531,0.0053099999999999996,3647913,36.479100000000003,3648444,0.96028899999999995,0,0,4361,0.00114784,0,0,0,0
xsbench,xsbench_XL100nuclide,xs.XL100nuclide-296B,xs.XL100nuclide-296B.champsimtrace.xz,100000000,645962314,0.154808,4019691,40.125,3804896,125032,3679864,36.7986,0.96713899999999997,3804896,125032,3679864,36.7986,0.96713899999999997,3675298,36.753,547,0.00547,3674751,36.747500000000002,3675298,0.96593899999999999,0,0,4566,0.0012000299999999999,0,0,0,0
xsbench,xsbench_XL100nuclide,xs.XL100nuclide-577B,xs.XL100nuclide-577B.champsimtrace.xz,100000000,644586353,0.155138,4036179,40.277099999999997,3810841,139064,3671777,36.717799999999997,0.96350800000000003,3810841,139064,3671777,36.717799999999997,0.96350800000000003,3666299,36.662999999999997,557,0.0055700000000000003,3665742,36.657400000000003,3666299,0.96207100000000001,0,0,5478,0.0014374800000000001,0,0,0,0
xsbench,xsbench_XL100nuclide,xs.XL100nuclide-829B,xs.XL100nuclide-829B.champsimtrace.xz,100000000,645044305,0.155028,4017377,40.097000000000001,3802520,127893,3674627,36.746299999999998,0.96636599999999995,3802520,127893,3674627,36.746299999999998,0.96636599999999995,3669809,36.698099999999997,502,0.0050200000000000002,3669307,36.693100000000001,3669809,0.96509900000000004,0,0,4818,0.00126705,0,0,0,0
xsbench,xsbench_XL100unionized,xs.XL100unionized-28B,xs.XL100unionized-28B.champsimtrace.xz,100000003,193849559,0.51586399999999999,1084796,10.678599999999999,1034796,929538,105258,1.0525800000000001,0.101719,1034796,929538,105258,1.0525800000000001,0.101719,99464,0.99463999999999997,2688,0.026880000000000001,96776,0.96775999999999995,99464,0.096119399999999994,0,0,5794,0.0055991699999999997,0,0,0,0
xsbench,xsbench_XL64hash,xs.XL64hash-126B,xs.XL64hash-126B.champsimtrace.xz,100000001,458658469,0.218027,3504911,35.007100000000001,836419,13686,822733,8.2273300000000003,0.98363699999999998,836419,13686,822733,8.2273300000000003,0.98363699999999998,820496,8.2049599999999998,543,0.0054299999999999999,819953,8.1995299999999993,820496,0.98096300000000003,0,0,2237,0.0026744999999999998,0,0,0,0
xsbench,xsbench_XL64hash,xs.XL64hash-49B,xs.XL64hash-49B.champsimtrace.xz,100000002,241446586,0.41416999999999998,1889703,18.722899999999999,1366883,1086418,280465,2.8046500000000001,0.20518600000000001,1366883,1086418,280465,2.8046500000000001,0.20518600000000001,274189,2.7418900000000002,2835,0.02835,271354,2.7135400000000001,274189,0.20059399999999999,0,0,6276,0.0045914700000000003,0,0,0,0
xsbench,xsbench_XL64nuclide,xs.XL64nuclide-355B,xs.XL64nuclide-355B.champsimtrace.xz,100000000,645061064,0.155024,4020017,40.1265,3803731,129699,3674032,36.740299999999998,0.96590200000000004,3803731,129699,3674032,36.740299999999998,0.96590200000000004,3669176,36.691800000000001,529,0.0052900000000000004,3668647,36.686500000000002,3669176,0.96462599999999998,0,0,4856,0.0012766399999999999,0,0,0,0
xsbench,xsbench_XL64unionized,xs.XL64unionized-28B,xs.XL64unionized-28B.champsimtrace.xz,100000001,193835230,0.51590199999999997,1084809,10.678599999999999,1034894,929649,105245,1.0524500000000001,0.10169599999999999,1034894,929649,105245,1.0524500000000001,0.10169599999999999,99448,0.99448000000000003,2681,0.02681,96767,0.96767000000000003,99448,0.096094899999999997,0,0,5797,0.0056015400000000003,0,0,0,0
xsbench,xsbench_XXL100hash,xs.XXL100hash-552B,xs.XXL100hash-552B.champsimtrace.xz,100000003,507849774,0.196909,3393837,33.898699999999998,948699,13062,935637,9.3563700000000001,0.986232,948699,13062,935637,9.3563700000000001,0.986232,933398,9.3339800000000004,548,0.0054799999999999996,932850,9.3285,933398,0.98387199999999997,0,0,2239,0.0023600700000000001,0,0,0,0
xsbench,xsbench_XXL100hash,xs.XXL100hash-563B,xs.XXL100hash-563B.champsimtrace.xz,100000003,506726753,0.19734499999999999,3391300,33.874600000000001,947970,12502,935468,9.3546800000000001,0.98681200000000002,947970,12502,935468,9.3546800000000001,0.98681200000000002,933316,9.3331599999999995,538,0.0053800000000000002,932778,9.3277800000000006,933316,0.98454200000000003,0,0,2152,0.0022701100000000001,0,0,0,0
xsbench,xsbench_XXL100hash,xs.XXL100hash-94B,xs.XXL100hash-94B.champsimtrace.xz,100000001,198007870,0.50502999999999998,1099366,10.7887,1039037,906008,133029,1.33029,0.12803100000000001,1039037,906008,133029,1.33029,0.12803100000000001,125177,1.25177,2930,0.0293,122247,1.2224699999999999,125177,0.120474,0,0,7852,0.0075570000000000003,0,0,0,0
xsbench,xsbench_XXL100nuclide,xs.XXL100nuclide-165B,xs.XXL100nuclide-165B.champsimtrace.xz,100000000,689911606,0.14494599999999999,4184941,41.785299999999999,3984217,125230,3858987,38.5899,0.96856799999999998,3984217,125230,3858987,38.5899,0.96856799999999998,3854544,38.545400000000001,516,0.0051599999999999997,3854028,38.540300000000002,3854544,0.96745300000000001,0,0,4443,0.0011151500000000001,0,0,0,0
xsbench,xsbench_XXL100nuclide,xs.XXL100nuclide-30B,xs.XXL100nuclide-30B.champsimtrace.xz,100000005,184147980,0.54304200000000002,964642,9.4673300000000005,911811,780241,131570,1.3157000000000001,0.14429500000000001,911811,780241,131570,1.3157000000000001,0.14429500000000001,124636,1.2463599999999999,2899,0.028989999999999998,121737,1.2173700000000001,124636,0.13669100000000001,0,0,6934,0.0076046500000000001,0,0,0,0
xsbench,xsbench_XXL100nuclide,xs.XXL100nuclide-324B,xs.XXL100nuclide-324B.champsimtrace.xz,100000001,691340535,0.144647,4204205,41.961100000000002,3998311,141188,3857123,38.571199999999997,0.96468799999999999,3998311,141188,3857123,38.571199999999997,0.96468799999999999,3851712,38.517099999999999,521,0.0052100000000000002,3851191,38.511899999999997,3851712,0.96333500000000005,0,0,5411,0.0013533200000000001,0,0,0,0
xsbench,xsbench_XXL100nuclide,xs.XXL100nuclide-487B,xs.XXL100nuclide-487B.champsimtrace.xz,100000001,693066383,0.144286,4189273,41.820300000000003,3987619,131760,3855859,38.558599999999998,0.96695799999999998,3987619,131760,3855859,38.558599999999998,0.96695799999999998,3851018,38.510199999999998,504,0.0050400000000000002,3850514,38.505099999999999,3851018,0.96574400000000005,0,0,4841,0.00121401,0,0,0,0
xsbench,xsbench_XXL100nuclide,xs.XXL100nuclide-648B,xs.XXL100nuclide-648B.champsimtrace.xz,100000000,691288156,0.14465700000000001,4188999,41.823300000000003,3985041,122988,3862053,38.6205,0.96913800000000005,3985041,122988,3862053,38.6205,0.96913800000000005,3857765,38.577599999999997,526,0.0052599999999999999,3857239,38.572400000000002,3857765,0.96806199999999998,0,0,4288,0.00107602,0,0,0,0
xsbench,xsbench_XXL100nuclide,xs.XXL100nuclide-650B,xs.XXL100nuclide-650B.champsimtrace.xz,100000002,695006075,0.14388400000000001,4183632,41.783299999999997,3982605,129784,3852821,38.528199999999998,0.96741200000000005,3982605,129784,3852821,38.528199999999998,0.96741200000000005,3849079,38.4908,521,0.0052100000000000002,3848558,38.485599999999998,3849079,0.96647300000000003,0,0,3742,0.00093958599999999996,0,0,0,0
xsbench,xsbench_XXL100nuclide,xs.XXL100nuclide-861B,xs.XXL100nuclide-861B.champsimtrace.xz,100000002,691862637,0.144537,4187616,41.809100000000001,3984188,124305,3859883,38.598799999999997,0.96879999999999999,3984188,124305,3859883,38.598799999999997,0.96879999999999999,3855399,38.554000000000002,521,0.0052100000000000002,3854878,38.5488,3855399,0.96767499999999995,0,0,4484,0.0011254500000000001,0,0,0,0
xsbench,xsbench_XXL100unionized,xs.XXL100unionized-24B,xs.XXL100unionized-24B.champsimtrace.xz,100000003,298326655,0.33520299999999997,2654132,26.384699999999999,1578275,718328,859947,8.5994700000000002,0.54486500000000004,1578275,718328,859947,8.5994700000000002,0.54486500000000004,854482,8.5448199999999996,3032,0.03032,851450,8.5145,854482,0.54140200000000005,7,4.43522e-06,5458,0.0034582100000000002,0,0,0,0
xsbench,xsbench_XXL64hash,xs.XXL64hash-205B,xs.XXL64hash-205B.champsimtrace.xz,100000001,506345207,0.197494,3408111,34.039400000000001,949596,12726,936870,9.3687000000000005,0.986599,949596,12726,936870,9.3687000000000005,0.986599,934413,9.3441299999999998,565,0.0056499999999999996,933848,9.3384800000000006,934413,0.98401099999999997,0,0,2457,0.00258742,0,0,0,0
xsbench,xsbench_XXL64hash,xs.XXL64hash-24B,xs.XXL64hash-24B.champsimtrace.xz,100000000,298608917,0.33488600000000002,2654730,26.3902,1578358,718323,860035,8.6003500000000006,0.54489200000000004,1578358,718323,860035,8.6003500000000006,0.54489200000000004,854403,8.5440299999999993,2983,0.029829999999999999,851420,8.5142000000000007,854403,0.54132400000000003,7,4.43499e-06,5625,0.00356383,0,0,0,0
xsbench,xsbench_XXL64nuclide,xs.XXL64nuclide-24B,xs.XXL64nuclide-24B.champsimtrace.xz,100000003,298488309,0.33502199999999999,2653948,26.383500000000002,1578472,718599,859873,8.5987299999999998,0.54474999999999996,1578472,718599,859873,8.5987299999999998,0.54474999999999996,854396,8.5439600000000002,3015,0.03015,851381,8.5138099999999994,854396,0.54127999999999998,7,4.4346699999999997e-06,5470,0.0034653800000000001,0,0,0,0
xsbench,xsbench_XXL64nuclide,xs.XXL64nuclide-531B,xs.XXL64nuclide-531B.champsimtrace.xz,100000005,692059087,0.14449600000000001,4210770,42.010599999999997,3997535,135317,3862218,38.622199999999999,0.96614999999999995,3997535,135317,3862218,38.622199999999999,0.96614999999999995,3857122,38.571199999999997,668,0.0066800000000000002,3856454,38.564500000000002,3857122,0.96487500000000004,0,0,5096,0.00127479,0,0,0,0
xsbench,xsbench_XXL64nuclide,xs.XXL64nuclide-566B,xs.XXL64nuclide-566B.champsimtrace.xz,100000002,691389991,0.14463599999999999,4186744,41.790300000000002,3982175,136699,3845476,38.454799999999999,0.96567199999999997,3982175,136699,3845476,38.454799999999999,0.96567199999999997,3840282,38.402799999999999,553,0.0055300000000000002,3839729,38.397300000000001,3840282,0.964368,0,0,5194,0.0013043099999999999,0,0,0,0
xsbench,xsbench_XXL64unionized,xs.XXL64unionized-24B,xs.XXL64unionized-24B.champsimtrace.xz,100000005,298696682,0.33478799999999997,2654089,26.382400000000001,1578571,718417,860154,8.60154,0.54489399999999999,1578571,718417,860154,8.60154,0.54489399999999999,854566,8.5456599999999998,2996,0.029960000000000001,851570,8.5157000000000007,854566,0.541354,7,4.4343900000000004e-06,5581,0.0035354800000000001,0,0,0,0
