dataset,workload,trace_tag,permit_ipc,cppb_ipc,tlb_rescue_ipc,cppb_tlb_rescue_ipc,cppb_ipc_speedup,tlb_rescue_ipc_speedup,cppb_tlb_rescue_ipc_speedup,cppb_ipc_speedup_pct,tlb_rescue_ipc_speedup_pct,cppb_tlb_rescue_ipc_speedup_pct,permit_stlb_demand_mpki,cppb_stlb_demand_mpki,tlb_rescue_stlb_demand_mpki,cppb_tlb_rescue_stlb_demand_mpki,cppb_effective_stlb_demand_mpki,tlb_rescue_effective_stlb_demand_mpki,cppb_tlb_rescue_effective_stlb_demand_mpki,cppb_stlb_demand_mpki_reduction_pct,tlb_rescue_stlb_demand_mpki_reduction_pct,cppb_tlb_rescue_stlb_demand_mpki_reduction_pct
spec06,403.gcc,403.gcc-17B,0.69089299999999998,0.69047099999999995,0.68918900000000005,0.68918299999999999,0.99938919630101908,0.99753362676999202,0.99752494235721023,-0.061080369898092179,-0.24663732300079788,-0.24750576427897686,2.6280799737192004,2.6551399468972012,2.6231699737683001,2.6489199735108002,2.559009948819801,2.6231699737683001,2.5508399744916002,2.6281553678008107,0.18682840705003256,2.9390277312715041
spec06,429.mcf,429.mcf-184B,0.121238,0.121201,0.121284,0.121502,0.99969481515696401,1.0003794189940447,1.002177535096257,-0.030518484303598825,0.037941899404470014,0.21775350962569551,9.0856099091439013,9.0877598182448036,9.0864495456775227,9.0876397273708083,9.0824798183504036,9.0864495456775227,9.0817597275472082,0.034451080607666995,-0.0092413887677000872,0.042376699365209713
spec06,429.mcf,429.mcf-192B,0.119731,0.119551,0.11972099999999999,0.119557,0.99849662994546107,0.99991647944141437,0.99854674228061235,-0.15033700545389328,-0.0083520558585625793,-0.14532577193876461,2.81941,2.8249,2.8195600000000001,2.82483,2.81792,2.8195600000000001,2.8180800000000001,0.052847936270350448,-0.0053202620406533896,0.047172990093669043
spec06,429.mcf,429.mcf-22B,0.77663099999999996,0.77560700000000005,0.77519099999999996,0.775864,0.99868148451452499,0.99814583759855069,0.9990124009986725,-0.13185154854750136,-0.18541624014493108,-0.098759900132749934,2.9344199413116012,2.9615799407684014,2.9344599119662025,2.961819940763601,2.9294399414112013,2.9344599119662025,2.929069941418601,0.16970985748461231,-0.0013621313718070738,0.18231882279974299
spec06,429.mcf,429.mcf-51B,0.15767100000000001,0.158167,0.15822600000000001,0.158419,1.0031457909190655,1.0035199878227448,1.0047440556602039,0.31457909190655275,0.35199878227447634,0.47440556602038608,10.504059474797026,10.502469789950604,10.502829789943403,10.501909789961804,10.491099790178005,10.502829789943403,10.491039790179205,0.12337786786257299,0.011706758292573394,0.12394907558416213
spec06,433.milc,433.milc-127B,1.3909100000000001,1.39903,1.37365,1.3702300000000001,1.0058379046811079,0.987590857783753,0.9851320358614144,0.58379046811078972,-1.2409142216247004,-1.4867964138585599,0.0016399999672000007,0.0013399999598000011,0.0011099999445000027,0.0010399999688000009,0.00089999997300000084,0.0011099999445000027,0.00063999998080000061,45.121951768292668,32.317075201219417,60.975610146341452
spec06,433.milc,433.milc-274B,1.8021199999999999,1.78613,1.77674,1.7783,0.99112711695114641,0.98591658713071273,0.98678223425743017,-0.88728830488535859,-1.4083412869287271,-1.3217765742569831,0.0010899999564000016,0.0020399999184000034,0.0011499999425000028,0.0021399999358000018,0.0007199999712000012,0.0011499999425000028,0.0007099999787000006,33.944954128440351,-5.5045861009174857,34.86238466972479
spec06,433.milc,433.milc-337B,1.5121800000000001,1.51034,1.4867600000000001,1.48872,0.99878321363858791,0.98318983189831899,0.98448597389199699,-0.12167863614120922,-1.6810168101681011,-1.551402610800301,0.0015200000000000001,0.0015299999694000006,0.0016099999195000041,0.0019499999025000049,0.00028999999420000009,0.0016099999195000041,0.00029999998500000074,80.921053013157888,-5.9210473355265858,80.263158881578903
spec06,436.cactusADM,436.cactusADM-1804B,1.8897600000000001,1.8908799999999999,1.8930499999999999,1.89452,1.0005926678520023,1.0017409618152568,1.00251883837101,0.059266785200229322,0.17409618152568473,0.25188383710099682,9.0566298188674033,8.9812098203758044,9.1403198171936033,8.980949820381003,8.9609498207810034,9.1403198171936033,8.9593198208136045,1.0564636073241318,-0.92407440736785862,1.0744614718719792
spec06,450.soplex,450.soplex-247B,0.60840700000000003,0.609352,0.60836800000000002,0.60881099999999999,1.001553236566969,0.99993589817342665,1.0006640291778366,0.15532365669690407,-0.0064101826573348397,0.066402917783658921,0.76724000000000003,0.74592000000000003,0.75216000000000005,0.73484000000000005,0.64231000000000005,0.75216000000000005,0.63141000000000003,16.283040508836866,1.9654866795266179,17.703717220165792
spec06,459.GemsFDTD,459.GemsFDTD-1169B,1.1706000000000001,1.17496,1.1532500000000001,1.1551899999999999,1.0037245856825558,0.98517854091918677,0.98683581069536974,0.37245856825558477,-1.4821459080813226,-1.3164189304630258,1.2116100000000001,0.68378998632420029,1.2190799999999999,0.68644999313550004,0.6503999869920003,1.2190799999999999,0.6537599934624001,46.319361263772976,-0.61653502364620305,46.042043771312549
spec06,459.GemsFDTD,459.GemsFDTD-1211B,1.3523799999999999,1.34832,1.31107,1.30833,0.99699788520977839,0.96945385172806464,0.96742779396323519,-0.30021147902216105,-3.0546148271935358,-3.2572206036764806,0.0052599997896000082,0.20231999393040018,9.9999996000000156e-05,0.24566999262990022,0.0058499998245000054,9.9999996000000156e-05,8.9999997300000087e-05,-11.216731150190085,98.098859315589351,98.288973366920146
spec06,459.GemsFDTD,459.GemsFDTD-765B,1.23373,1.2332399999999999,1.19859,1.1951000000000001,0.99960283044102027,0.97151726877031441,0.96868844885023475,-0.039716955897972639,-2.8482731229685587,-3.1311551149765249,0.036080000000000001,0.27490998900360042,0.01866999925320003,0.36928,0.025999998960000041,0.01866999925320003,0.01387,27.937918625277046,48.253882335920096,61.557649667405769
spec06,471.omnetpp,471.omnetpp-188B,0.43608200000000003,0.43816100000000002,0.43612099999999998,0.43848799999999999,1.0047674519929739,1.0000894327213687,1.0055173109644515,0.47674519929739034,0.0089432721368742918,0.55173109644515161,3.7431199999999998,3.9535200000000001,3.7366699626333002,3.9535599604644003,3.1268600000000002,3.7366699626333002,3.1234999687650005,16.463805595332225,0.17231714095993222,16.553571118077947
spec06,473.astar,473.astar-359B,0.193965,0.193884,0.19392599999999999,0.19392200000000001,0.99958239888639699,0.99979893279715404,0.99977831051993926,-0.041760111360300556,-0.020106720284596147,-0.02216894800607383,17.053779658924405,17.056850000000001,17.038309659233807,17.034079659318408,16.937989999999999,17.038309659233807,16.864419662711608,0.6789677200022437,0.090713026672084585,1.1103696658453233
spec06,473.astar,473.astar-42B,0.62118099999999998,0.62967799999999996,0.62129900000000005,0.62698399999999999,1.0136787828346328,1.0001899607360818,1.0093418826396816,1.3678782834632752,0.018996073608179564,0.9341882639681609,1.75152,0.40415998787520035,1.5752699999999999,0.41199999999999998,0.14227999573160013,1.5752699999999999,0.13971,91.876770134991318,10.062688407782961,92.023499588928473
spec06,483.xalancbmk,483.xalancbmk-127B,0.296097,0.29646499999999998,0.295736,0.29514099999999999,1.0012428359625392,0.99878080493892207,0.99677132831470761,0.12428359625391572,-0.12191950610779267,-0.32286716852923947,3.4407899999999998,3.4416500000000001,3.4418000000000002,3.4416099999999998,3.4266299999999998,3.4418000000000002,3.4268900000000002,0.41153339785340304,-0.029353723999436809,0.40397699365551931
spec17,602.gcc_s,602.gcc_s-2226B,0.73895500000000003,0.73767799999999994,0.73582099999999995,0.73642300000000005,0.9982718839442184,0.99575887570961685,0.99657353966073714,-0.17281160557816033,-0.4241124290383147,-0.34264603392628601,0.21004999999999999,0.21267,0.20974000000000001,0.21276,0.20363000000000001,0.20974000000000001,0.20405999999999999,3.0564151392525551,0.14758390859318515,2.8517019757200668
spec17,605.mcf_s,605.mcf_s-1536B,0.500166,0.500193,0.50021899999999997,0.50025299999999995,1.0000539820779502,1.0001059648196797,1.0001739422511724,0.0053982077950154306,0.010596481967972693,0.01739422511723987,22.38054932858352,22.386989328390321,22.380459999999999,22.386880000000001,22.377389328678319,22.380459999999999,22.377359999999999,0.014119402785006674,0.00039913490150755848,0.014250448175756603
spec17,605.mcf_s,605.mcf_s-1644B,0.20235300000000001,0.20239099999999999,0.20247000000000001,0.20243900000000001,1.0001877906430841,1.0005781975063379,1.0004249998764536,0.018779064308405147,0.057819750633791855,0.042499987645361337,23.784228810788559,23.777288811135559,23.78082881095856,23.775888811205558,23.72918881354056,23.78082881095856,23.723058813847061,0.23141384017897337,0.01429518634825655,0.25718722027157082
spec17,605.mcf_s,605.mcf_s-472B,0.625224,0.62481500000000001,0.62390699999999999,0.625278,0.99934583445293212,0.99789355494990595,1.0000863690453341,-0.065416554706787533,-0.21064450500940524,0.0086369045334100392,0.13700999999999999,0.14472999855270002,0.13607999863920001,0.14287999857120001,0.12024999879750001,0.13607999863920001,0.11860999881390001,12.232684623385149,0.67878356382744531,13.429677531640017
spec17,605.mcf_s,605.mcf_s-782B,0.15260099999999999,0.15243000000000001,0.151806,0.15263299999999999,0.99887943067214513,0.99479033558102514,1.0002096971841601,-0.11205693278548701,-0.52096644189748575,0.020969718416008476,0.2984799970152,0.11974999880250001,0.30073999699260001,0.11934999880650002,0.064159999358400013,0.30073999699260001,0.063729999362700004,78.504422406861423,-0.75716965960868077,78.648485660680777
spec17,605.mcf_s,605.mcf_s-994B,0.41350100000000001,0.41339199999999998,0.41327399999999997,0.41308,0.99973639725175989,0.99945102913898631,0.99898186461459582,-0.026360274824011043,-0.054897086101368675,-0.10181353854041841,8.0608400000000007,8.0597700000000003,8.0608900000000006,8.0598600000000005,8.0519700000000007,8.0608900000000006,8.0520099999999992,0.1100381597947564,-0.00062028274969705421,0.1095419335950254
spec17,620.omnetpp_s,620.omnetpp_s-141B,0.46777600000000003,0.46778900000000001,0.46762900000000002,0.46764,1.000027791079491,0.99968574702421675,0.99970926255301673,0.0027791079491024107,-0.031425297578324685,-0.029073744698326909,4.8369699032606022,4.8450899030982022,4.8359499032810023,4.8448499031030021,4.730989905380202,4.8359499032810023,4.7290299054194023,2.1910410856383233,0.021087581688539192,2.2315623210398261
spec17,620.omnetpp_s,620.omnetpp_s-874B,0.513791,0.51432800000000001,0.51362699999999994,0.51387799999999995,1.0010451720641274,0.99968080406235205,1.0001693295522887,0.10451720641273532,-0.031919593764795362,0.016932955228865509,4.1820199999999996,4.2259900000000004,4.1832900000000004,4.2275700000000001,4.0618499999999997,4.1832900000000004,4.0698299999999996,2.8734917575717001,-0.030368099626509881,2.6826748796036415
spec17,623.xalancbmk_s,623.xalancbmk_s-10B,0.67739700000000003,0.67696400000000001,0.67669199999999996,0.67635699999999999,0.99936078842982767,0.99895925136958086,0.99846471124023273,-0.063921157017232666,-0.10407486304191416,-0.15352887597672726,4.7798898088044073,4.7848198086072076,4.7797197610140119,4.783999760800012,4.7629498094820075,4.7797197610140119,4.7623297618835121,0.35440146112148962,0.0035575671657128716,0.36737346724081688
spec17,623.xalancbmk_s,623.xalancbmk_s-592B,1.1791199999999999,1.18052,1.17804,1.1778999999999999,1.0011873261415294,0.99908406269082028,0.99896533007666732,0.11873261415293879,-0.091593730917971516,-0.10346699233326762,1.28213,1.24936,1.2781999488720019,1.2488300000000001,1.22637,1.2781999488720019,1.22383,4.3490129706036047,0.30652516733857826,4.547120806782468
spec17,623.xalancbmk_s,623.xalancbmk_s-700B,1.03596,1.03522,1.03921,1.0349900000000001,0.99928568670605045,1.0031371867639678,0.99906367041198507,-0.071431329394955334,0.31371867639677919,-0.093632958801492805,1.7647299999999999,1.7269300000000001,1.7631399999999999,1.72661,1.70574,1.7631399999999999,1.70549,3.3427209828132298,0.090098768650159755,3.3568874558714379
spec17,649.fotonik3d_s,649.fotonik3d_s-10881B,1.1654599999999999,1.1669099999999999,1.1718299999999999,1.17075,1.0012441439431641,1.0054656530468655,1.0045389803167848,0.12441439431640777,0.54656530468655262,0.45389803167847909,0.012619999369000032,0.38210998471560059,0.0086799995660000219,0.55415998891680018,0.0021699999132000036,0.0086799995660000219,9.999999800000004e-05,82.805071143423149,31.2202852614897,99.207606949286841
gap,bc,bc.kron-2608B,0.479991,0.48275400000000002,0.48192099999999999,0.48091499999999998,1.0057563579317113,1.004020908725372,1.0019250360944267,0.57563579317112534,0.40209087253719744,0.19250360944267353,18.065849277366031,18.065729277370828,18.06563927737443,18.066079277356828,18.065209277391627,18.06563927737443,18.06571927737123,0.0035425955601464665,0.0011624141681765288,0.00071958972315266934
gap,bc,bc.kron-5154B,0.96195600000000003,0.96075999999999995,0.96169899999999997,0.96225400000000005,0.99875669989063942,0.99973283601328955,1.0003097854787537,-0.12433001093605789,-0.026716398671045027,0.030978547875371021,2.8396999432060013,2.8392899432142009,2.8397299432054011,2.8396199432076012,2.8391999432160011,2.8397299432054011,2.8395399432092012,0.017607493749349779,-0.0010564496249587663,0.0056343979997874882
gap,bc,bc.road-131B,0.16236400000000001,0.16234999999999999,0.16181200000000001,0.161777,0.99991377398930792,0.9966002315784287,0.99638466655169866,-0.0086226010692080912,-0.33997684215713031,-0.36153334483013388,8.4341796626328129,8.4483296620668131,8.4344096626236134,8.4483396620664131,8.429769662809214,8.4344096626236134,8.429479662820814,0.052287240727599826,-0.0027269989495204427,0.055725630707414986
gap,bc,bc.road-174B,0.23188600000000001,0.23177200000000001,0.23122400000000001,0.231208,0.99950837911732493,0.99714514890937789,0.99707614948724799,-0.049162088267507009,-0.28548510906221125,-0.29238505127520131,8.748149737555508,8.7534700000000001,8.7481200000000001,8.7535000000000007,8.7383100000000002,8.7481200000000001,8.7382600000000004,0.11247792791275746,0.00033992965826623589,0.1130494773432078
gap,bc,bc.road-79B,0.28065899999999999,0.28066400000000002,0.27947,0.27940500000000001,1.0000178152134798,0.99576354223452657,0.9955319444592905,0.0017815213479766001,-0.42364577654734337,-0.44680555407095035,7.3554000000000004,7.3458800000000002,7.356279779311607,7.3458897796233069,7.3324800000000003,7.356279779311607,7.332479780025607,0.3116077983522314,-0.01196099887983415,0.31161078900390216
gap,bc,bc.road-95B,0.213869,0.21407599999999999,0.213119,0.21343999999999999,1.0009678822082677,0.99649318040482726,0.99799409919156112,0.096788220826771187,-0.35068195951727388,-0.20059008084388763,7.8922499999999998,7.9039099999999998,7.8929099999999996,7.9037699999999997,7.8875200000000003,7.8929099999999996,7.8870699999999996,0.059932211980096017,-0.0083626342297860035,0.065634008045867276
gap,bc,bc.twitter-1658B,0.40610600000000002,0.406138,0.40606100000000001,0.40644000000000002,1.0000787971613323,0.99988919149187649,1.0008224453714054,0.0078797161332300192,-0.011080850812350551,0.082244537140541141,9.8270598034588037,9.8272598034548047,9.8265798034684035,9.8284598034308033,9.8121998037560036,9.8265798034684035,9.8142098037158032,0.15121511418471068,0.0048844720598073543,0.13076138743429722
gap,bc,bc.twitter-2320B,0.59070900000000004,0.59154300000000004,0.58399999999999996,0.58789800000000003,1.0014118626938138,0.98864246185516036,0.99524131171185815,0.14118626938137702,-1.1357538144839641,-0.47586882881418546,18.981759050912046,18.982259430532217,18.980129430596119,18.982069430537916,18.944479431665616,18.980129430596119,18.941589431752316,0.19639707335047385,0.0085851912436374356,0.21162221610752097
gap,bc,bc.twitter-309B,0.20130200000000001,0.20127900000000001,0.201206,0.20136599999999999,0.99988574380781114,0.99952310458912474,1.0003179302739167,-0.011425619218885519,-0.047689541087525544,0.031793027391668893,42.313870000000001,42.325710000000001,42.309149153817017,42.320680000000003,41.955159999999999,42.309149153817017,41.944270000000003,0.84773621509921515,0.011156734619133246,0.87347245713993438
gap,bc,bc.twitter-876B,0.17873900000000001,0.17877199999999999,0.17876800000000001,0.17890700000000001,1.0001846267462611,1.0001622477467145,1.0009399179809666,0.0184626746261074,0.016224774671447229,0.093991798096659807,66.372699999999995,66.348386682580667,66.374918672501622,66.346296682685164,65.380096730995163,66.374918672501622,65.16102674194866,1.4954993077045731,-0.0033427486024084629,1.8255596925412676
gap,bc,bc.urand-3004B,0.32841100000000001,0.32845099999999999,0.32849299999999998,0.32838499999999998,1.0001217985999251,1.0002496871298463,0.99992083091004857,0.012179859992511588,0.024968712984629882,-0.0079169089951425242,10.813009783739805,10.813059783738804,10.813009783739805,10.813059783738804,10.812849783743005,10.813009783739805,10.812849783743005,0.0014796989922349901,0,0.0014796989922349901
gap,bfs,bfs.kron-128B,0.53136899999999998,0.53159699999999999,0.53200499999999995,0.53203800000000001,1.0004290803565883,1.0011969083631149,1.0012590120989369,0.042908035658828503,0.11969083631149235,0.12590120989368625,0.84512998309740028,0.82221998355560033,0.8451699830966003,0.82219998355600032,0.82199998356000037,0.8451699830966003,0.82196998356060036,2.7368570515778567,-0.0047329996568645782,2.7404068013204941
gap,bfs,bfs.kron-542B,0.20288600000000001,0.20291000000000001,0.202818,0.20289699999999999,1.0001182930315546,0.999664836410595,1.0000542176394625,0.011829303155463933,-0.033516358940499646,0.0054217639462450506,17.272019827279802,17.165009828349902,17.271459827285401,17.163039828369602,17.096409829035903,17.271459827285401,17.092389829076101,1.0167311061473949,0.0032422380242813631,1.0400057433930798
gap,bfs,bfs.road-112B,0.19062999999999999,0.19053400000000001,0.18976899999999999,0.189806,0.99949640665162887,0.9954833971567959,0.99567749042648068,-0.050359334837113412,-0.45166028432040983,-0.43225095735193175,7.8563700000000001,7.8314300000000001,7.85642,7.8318899999999996,7.8164400000000001,7.85642,7.8170500000000001,0.50824999331752219,-0.00063642623755466587,0.50048559321925756
gap,bfs,bfs.road-128B,0.168102,0.16824900000000001,0.167324,0.167236,1.000874469072349,0.99537185756267033,0.99484836587310077,0.087446907234900451,-0.46281424373296742,-0.51516341268992294,9.6957599999999999,9.6860900000000001,9.6957900000000006,9.6861999999999995,9.6771899999999995,9.6957900000000006,9.67727,0.19152701799549643,-0.00030941359936420554,0.19070191506390666
gap,bfs,bfs.road-140B,0.173649,0.17377799999999999,0.17299100000000001,0.17294300000000001,1.0007428778743326,0.99621074696658207,0.99593432729241183,0.074287787433258146,-0.37892530334179275,-0.40656727075881749,8.5485100000000003,8.5360899999999997,8.5473695726315206,8.535869658565213,8.5219699999999996,8.5473695726315206,8.5215296591388139,0.31046346088383636,0.013340656658056282,0.31561454406892064
gap,bfs,bfs.road-19B,0.23557,0.23575199999999999,0.23427200000000001,0.234265,1.0007725941333785,0.9944899605212888,0.9944602453623127,0.077259413337849026,-0.55100394787112039,-0.55397546376872997,2.26403,2.2270799999999999,2.2646500000000001,2.2264599109416037,2.2229299999999999,2.2646500000000001,2.2221399111144033,1.8153469697839708,-0.027384796137863709,1.8502444263369555
gap,bfs,bfs.twitter-10B,0.36535499999999999,0.36559399999999997,0.36577799999999999,0.36593300000000001,1.0006541582844082,1.0011577780514842,1.0015820229639667,0.065415828440817947,0.1157778051484204,0.15820229639667005,2.4965999001360042,2.4276199028952039,2.496479900140804,2.4274399029024041,2.4263699029452037,2.496479900140804,2.4258999029640038,2.8130257149723725,0.0048065368901784034,2.8318513177922111
gap,bfs,bfs.twitter-160B,0.200985,0.201213,0.200737,0.20094600000000001,1.0011344130158968,0.99876607707042819,0.99980595566833352,0.11344130158967847,-0.12339229295718068,-0.019404433166647639,2.3841600000000001,2.1840899999999999,2.3752499999999999,2.1831800000000001,2.14663,2.3752499999999999,2.1467700000000001,9.9628380645594206,0.37371652909201636,9.9569659754378925
gap,bfs,bfs.twitter-163B,0.32311600000000001,0.32327,0.32350699999999999,0.32364799999999999,1.0004766090196708,1.0012100917317619,1.0016464675224996,0.047660901967083724,0.12100917317618975,0.16464675224996395,2.8265599152032026,2.7462899176113025,2.8265699152029025,2.7461999176140024,2.7452599176422026,2.8265699152029025,2.7450299176491026,2.8762877844446977,-0.00035378693534759975,2.8844248839578812
gap,bfs,bfs.twitter-242B,0.23235900000000001,0.23241800000000001,0.232321,0.232462,1.0002539174294949,0.99983645996066428,1.0004432795803047,0.02539174294948765,-0.016354003933571892,0.044327958030465631,2.0332199796678001,1.9440999805590002,2.03299997967,1.9429399805706002,1.9430699805693001,2.03299997967,1.9418899805811003,4.4338536902056802,0.010820275228462517,4.4918897118855661
gap,bfs,bfs.twitter-408B,0.325239,0.32553500000000002,0.325654,0.325789,1.0009100999572622,1.0012759847373778,1.0016910641097778,0.091009995726221149,0.12759847373777777,0.16910641097778178,1.4907099701858006,1.3753499724930005,1.4925699701486006,1.3772599724548005,1.3728999725420006,1.4925699701486006,1.3743799725124006,7.9029455762690271,-0.1247727592891934,7.8036640258668637
gap,bfs,bfs.twitter-44B,0.34171000000000001,0.34187400000000001,0.34202900000000003,0.34190700000000002,1.0004799391296713,1.000933540136373,1.0005765122472272,0.047993912967125851,0.093354013637303446,0.057651224722721217,2.6106898694655065,2.3377798831110059,2.6029998698500063,2.3255398837230059,2.2453598877320058,2.6029998698500063,2.2276798886160054,13.993618545288788,0.29455814363252841,14.670834147294398
gap,bfs,bfs.urand-118B,0.13858000000000001,0.138541,0.13753000000000001,0.13755500000000001,0.99971857410881793,0.99242314908356188,0.99260355029585801,-0.028142589118207439,-0.75768509164381159,-0.73964497041419941,42.859690000000001,42.868049999999997,42.8598,42.868160000000003,42.854590000000002,42.8598,42.854680000000002,0.011899292785366722,-0.00025665141301089989,0.011689305265616401
gap,bfs,bfs.urand-161B,0.19647700000000001,0.19624900000000001,0.19595599999999999,0.19631000000000001,0.99883955882876874,0.99734829013065129,0.99915002773861572,-0.11604411712312634,-0.26517098693487062,-0.084997226138427973,11.406789771864204,10.86708967398731,11.406459429677028,10.867099782658004,10.79812967605611,11.406459429677028,10.797829784043405,5.3359455901379471,0.002896013635589334,5.3385746559724501
gap,bfs,bfs.urand-356B,0.15184500000000001,0.151841,0.15053800000000001,0.15053900000000001,0.99997365734795352,0.99139253844380781,0.99139912410681941,-0.0026342652046484893,-0.86074615561921863,-0.86008758931805929,41.717228748483137,41.726390000000002,41.717500000000001,41.726640000000003,41.712220000000002,41.717500000000001,41.712389999999999,0.012006426681243632,-0.00065021461157499516,0.01159892118508532
gap,bfs,bfs.urand-36B,0.29942299999999999,0.29948200000000003,0.29963899999999999,0.29980499999999999,1.0001970456511358,1.0007213874685645,1.0012757870971836,0.019704565113576322,0.072138746856453828,0.12757870971835672,6.2379299376207005,5.915879763364809,6.2370998752580027,5.9168099999999999,5.8805697647772091,6.2370998752580027,5.8806399999999996,5.7288263320860118,0.01330669582695343,5.7277003940986893
gap,bfs,bfs.urand-410B,0.18176999999999999,0.18174799999999999,0.181424,0.18165300000000001,0.99987896792650055,0.99809649557132651,0.99935632942729835,-0.012103207349944967,-0.19035044286734859,-0.064367057270164896,3.5901899640981005,2.8113599718864002,3.5900199640998003,2.8098299719017001,2.7708499722915003,3.5900199640998003,2.7690799723092003,22.821633395447037,0.0047351254390481934,22.870934407371202
gap,bfs,bfs.urand-60B,0.18757099999999999,0.18788199999999999,0.187941,0.188114,1.0016580388226326,1.0019725863806239,1.0028949037964292,0.16580388226326015,0.19725863806239197,0.28949037964292046,5.5953400000000002,4.8774499999999996,5.5945900000000002,4.8777299999999997,4.8277799999999997,5.5945900000000002,4.8268199999999997,13.717843777143134,0.013404011195028431,13.735000911472772
gap,cc,cc.kron-10B,0.195411,0.19627500000000001,0.19390499999999999,0.194272,1.0044214501742481,0.99229316671016465,0.99417125955038355,0.44214501742481094,-0.77068332898353464,-0.58287404496164541,11.431239771375205,11.416880000000001,11.430719885692801,11.415029429248529,11.38842,11.430719885692801,11.386559430672028,0.37458554130260779,0.0045479378685264749,0.39086172275959452
gap,cc,cc.kron-17B,0.14938100000000001,0.149335,0.149675,0.14979600000000001,0.99969206257823939,1.001968121782556,1.0027781310876216,-0.030793742176060679,0.19681217825560093,0.27781310876215937,17.801019287959228,17.781849288726029,17.801069821989302,17.780369822196302,17.746599290136029,17.801069821989302,17.744629822553701,0.30571281870364064,-0.00028388278927593547,0.31677660977351696
gap,cc,cc.kron-78B,0.15008199999999999,0.150199,0.15007799999999999,0.15024999999999999,1.0007795738329714,0.99997334790314629,1.0011193880678562,0.077957383297144744,-0.0026652096853707619,0.11193880678561641,17.813399821866003,17.793489999999998,17.811469643770607,17.791009644179805,17.758410000000001,17.811469643770607,17.755939644881206,0.30869919507729993,0.010835540181530767,0.32256715483511833
gap,cc,cc.kron-82B,0.140404,0.14027400000000001,0.14005400000000001,0.14024400000000001,0.99907410045297862,0.99750719352725004,0.99886043132674285,-0.092589954702138044,-0.24928064727499644,-0.11395686732571519,17.357600000000001,17.339359999999999,17.357620000000001,17.339269999999999,17.302759999999999,17.357620000000001,17.302669999999999,0.31594229616999092,-0.00011522330276569903,0.31646080103241436
gap,cc,cc.kron-99B,0.193912,0.19387699999999999,0.19345799999999999,0.19341700000000001,0.99981950575518785,0.99765873179586606,0.99744729568051493,-0.018049424481214604,-0.23412682041339394,-0.25527043194850663,11.496059885039401,11.484029770319404,11.492209885077902,11.482879770342405,11.448619771027605,11.492209885077902,11.447179771056405,0.41266411697743477,0.033489734743896715,0.42519014750964645
gap,cc,cc.twitter-10B,0.42236699999999999,0.42266900000000002,0.422709,0.42262100000000002,1.0007150179819919,1.0008097223504677,1.0006013727398211,0.071501798199191668,0.080972235046772312,0.060137273982108219,14.850159851498402,14.878479851215202,14.85069,14.878569851214301,14.818349851816501,14.85069,14.818439851815601,0.214206446260512,-0.0035699851510084812,0.21360039218433213
gap,cc,cc.twitter-15B,0.40464699999999998,0.404611,0.40553600000000001,0.40564,0.99991103356752931,1.0021969766240699,1.0024539907623189,-0.0088966432470694023,0.2196976624069924,0.24539907623188917,16.17849,16.14133,16.162899353484026,16.122169355113225,16.12659,16.162899353484026,16.107179355712827,0.32079631659073238,0.096366512053813747,0.44077441273674411
gap,cc,cc.twitter-16B,0.53454299999999999,0.53443600000000002,0.53496100000000002,0.53463000000000005,0.99979982901282038,1.0007819763798236,1.0001627558493893,-0.020017098717961535,0.078197637982357904,0.016275584938929555,11.181459440927028,11.159280000000001,11.174589888254101,11.151989665440309,11.142899999999999,11.174589888254101,11.13548966593531,0.34485159232338081,0.061436994957775326,0.41112499879449871
gap,cc,cc.twitter-17B,0.37488500000000002,0.374886,0.37499300000000002,0.37517099999999998,1.0000026674846951,1.000288088347093,1.0007629006228576,0.00026674846951291187,0.028808834709304065,0.076290062285755411,14.205970000000001,14.237590000000001,14.206480000000001,14.23765,14.174329999999999,14.206480000000001,14.174390000000001,0.22272326352935634,-0.0035900399620647505,0.222300905886752
gap,cc,cc.twitter-25B,0.23113400000000001,0.231324,0.23099500000000001,0.23091100000000001,1.0008220339716354,0.99939861725232981,0.99903519170697519,0.082203397163538305,-0.060138274767018718,-0.09648082930248103,13.892799999999999,13.856899584293012,13.874039583778812,13.83493,13.847459584576212,13.874039583778812,13.8253,0.32635908833199556,0.13503697038169671,0.48586318092824765
gap,cc,cc.twitter-69B,0.432639,0.43192999999999998,0.43285899999999999,0.43199799999999999,0.9983612203245662,1.0005085070925182,0.99851839524407182,-0.16387796754337991,0.050850709251815118,-0.14816047559281786,23.893239761067601,23.982378800881062,23.890989761090104,23.980659280580223,23.39770883011456,23.890989761090104,23.315389300538321,2.0739377995966701,0.0094168894632873368,2.4184684300152859
gap,cc,cc.twitter-78B,0.46251500000000001,0.46229900000000002,0.46357700000000002,0.46390199999999998,0.99953298811930424,1.0022961417467542,1.002998821659838,-0.046701188069575572,0.22961417467541878,0.29988216598380024,13.857459584276212,13.826059585218212,13.845009861549901,13.812739585617813,13.817649585470512,13.845009861549901,13.804579585862612,0.28728208488424389,0.089841306414040201,0.38159951390802638
gap,cc,cc.twitter-85B,0.47924,0.47904400000000003,0.48019299999999998,0.48039900000000002,0.9995910191135966,1.0019885652282781,1.0024184124864368,-0.040898088640339836,0.19885652282780608,0.24184124864368162,13.098719607038412,13.069509346524534,13.086169345691532,13.055979608320612,13.057489347125532,13.086169345691532,13.043999608680013,0.31476557365748281,0.095812886475832304,0.41775074205723239
gap,cc,cc.urand-353B,0.50051999999999996,0.50077099999999997,0.50301300000000004,0.50304199999999999,1.0005014784623991,1.004980819947255,1.0050387596899226,0.050147846239911864,0.49808199472549664,0.50387596899226228,21.711220000000001,21.540579999999999,21.711089131556434,21.5403397845966,21.538640000000001,21.711089131556434,21.538319784616803,0.79488854150066013,0.00060276872311249008,0.796363425837876
gap,cc,cc.web-101B,0.65607499999999996,0.65811600000000003,0.65651599999999999,0.65661099999999994,1.0031109248180468,1.0006721792477995,1.0008169797660329,0.31109248180467564,0.067217924779949811,0.081697976603289924,0.27975,0.25061,0.26444000000000001,0.23393,0.24324000000000001,0.26444000000000001,0.22631000000000001,13.050938337801599,5.472743521000889,19.102770330652362
gap,cc,cc.web-13B,1.0562,1.0603,1.06105,1.0703,1.0038818405604999,1.0045919333459572,1.0133497443665973,0.3881840560499894,0.45919333459571998,1.3349744366597305,0.3527299894181003,0.32449999026500032,0.34784999652150006,0.31975999999999999,0.31609999051700027,0.34784999652150006,0.31084000000000001,10.384713520256284,1.3834924851869768,11.875936459841796
gap,cc,cc.web-34B,0.93959400000000004,0.94128100000000003,0.94145000000000001,0.94751200000000002,1.0017954563353959,1.0019753212557765,1.0084270440211409,0.17954563353959063,0.19753212557764854,0.8427044021140917,0.28645998567700071,0.25473998726300062,0.2796199944076001,0.2460199876990006,0.24728998763550061,0.2796199944076001,0.23844998807750059,13.673811352370313,2.3877649973469861,16.759757034140886
gap,cc,cc.web-99B,0.91922599999999999,0.92134000000000005,0.92469100000000004,0.92460399999999998,1.0022997608857889,1.0059452191300073,1.0058505742874984,0.22997608857888707,0.59452191300073398,0.58505742874983557,0.27499999450000012,0.25952999480940009,0.27060999458780011,0.25346999493060013,0.25314999493700008,0.27060999458780011,0.2469499950610001,7.945454545454556,1.5963636363636402,10.20000000000001
gap,pr,pr.kron-349B,0.0237372,0.023735900000000001,0.0237413,0.023738800000000001,0.99994523364171006,1.0001727246684529,1.0000674047486646,-0.0054766358289937145,0.017272466845286161,0.0067404748664623426,172.63027827369723,172.66628827333713,172.63032999999999,172.66630827333691,172.62611827373883,172.63032999999999,172.62610827373891,0.0024097742296502744,-2.9963632841578658e-05,0.0024155669561709558
gap,pr,pr.kron-90B,0.023577899999999999,0.023573199999999999,0.023564700000000001,0.023559,0.99980066078828056,0.99944015370325612,0.99919840189329845,-0.019933921171944036,-0.05598462967438822,-0.080159810670155096,167.77315496680535,167.80721496578354,167.77242496682726,167.80632664387346,167.76570496702885,167.77242496682726,167.76389664472208,0.0044405195682051257,0.00043511131339046827,0.0055183572634787126
gap,pr,pr.twitter-168B,0.033411000000000003,0.0334162,0.0334138,0.0334138,1.0001556373649396,1.0000838047349674,1.0000838047349674,0.015563736493962033,0.0083804734967385386,0.0083804734967385386,138.95895444164182,138.98056,138.95826861041732,138.98053444077863,138.91311999999999,138.95826861041732,138.91200444351983,0.032984158398430274,0.0004935494997471146,0.033786954076220344
gap,pr,pr.twitter-2161B,0.0508107,0.050771200000000002,0.050768199999999999,0.050787199999999998,0.99922260468759538,0.99916356200564049,0.99953749899135413,-0.077739531240461623,-0.083643799435950683,-0.046250100864586585,71.523608569527823,71.484208570315829,71.524368569512632,71.482668570346632,71.014818579703629,71.524368569512632,71.004968579900634,0.71135950772058809,-0.0010625861865953823,0.72513118395448606
gap,pr,pr.twitter-2741B,0.032128299999999999,0.032131300000000002,0.032133799999999997,0.032126300000000003,1.0000933756221151,1.0001711886405442,0.99993774958525672,0.0093375622115088319,0.017118864054421756,-0.0062250414743281191,141.79272432829103,141.81265432749382,141.79266432829343,141.81254432749822,141.73899433044022,141.79266432829343,141.73799433048023,0.037893339101380263,4.2315286552518927e-05,0.038598593877126053
gap,pr,pr.twitter-3197B,0.031530599999999999,0.031531999999999998,0.031528800000000003,0.031528300000000002,1.0000444013117415,0.99994291259918944,0.99992705498785317,0.004440131174154871,-0.0057087400810562627,-0.0072945012146830024,143.86222856137772,143.88053424477863,143.86178424552864,143.88067712238646,143.80369424785223,143.86178424552864,143.80356712392864,0.040687756689739007,0.00030884816224485689,0.040776121735142112
gap,pr,pr.twitter-833B,0.028177000000000001,0.028170199999999999,0.028173799999999999,0.028180400000000001,0.9997586684175036,0.99988643219647222,1.0001206657912483,-0.024133158249639575,-0.011356780352778095,0.012066579124825338,157.00044842999552,157.01422842985772,157.00047842999521,157.01352685972947,156.95956843040432,157.00047842999521,156.95695686086086,0.026038141928885761,-1.9108225490782615e-05,0.027701557269155241
gap,pr,pr.urand-2209B,0.021530799999999999,0.021529699999999999,0.0215318,0.021532699999999998,0.99994891039812728,1.0000464450926116,1.0000882456759619,-0.005108960187272249,0.0046445092611646643,0.0088245675961884373,177.25734645485306,177.29861645402767,177.25731645485368,177.29863645402727,177.25417645491646,177.25731645485368,177.25416645491666,0.0017883602569934709,1.6924545009899816e-05,0.0017940017720041723
gap,sssp,sssp.kron-246B,0.18216499999999999,0.18215300000000001,0.18159500000000001,0.18181900000000001,0.99993412565531259,0.99687096862734337,0.99810062306151026,-0.0065874344687411046,-0.31290313726566321,-0.18993769384897385,74.621507015139713,74.619309999999999,74.62238850755223,74.619057761428266,74.551230000000004,74.62238850755223,74.544617763661464,0.094177962829733453,-0.00118128465609324,0.10303899579868769
gap,sssp,sssp.road-66B,0.34956900000000002,0.34980699999999998,0.34851599999999999,0.34851300000000002,1.000680838403863,0.99698771916274032,0.99697913716605302,0.068083840386301553,-0.30122808372596843,-0.30208628339469801,4.4484300000000001,4.4410497779475113,4.4492597775370113,4.4412000000000003,4.436479778176011,4.4492597775370113,4.4365699999999997,0.2686390889367507,-0.018653267265333895,0.26661091666049241
gap,sssp,sssp.twitter-1116B,0.29244999999999999,0.293047,0.28860799999999998,0.28970000000000001,1.0020413745939478,0.98686271157462813,0.99059668319370842,0.20413745939478201,-1.3137288425371874,-0.9403316806291584,20.996809790031904,20.993459580130807,20.991718950414054,20.983799790162003,20.587539588249207,20.991718950414054,20.568639794313601,1.9492018353045037,0.024245776709697076,2.039214528302169
gap,sssp,sssp.twitter-792B,0.102714,0.102659,0.10220799999999999,0.102261,0.99946453258562606,0.99507369978776017,0.99558969565979327,-0.053546741437393575,-0.49263002122398314,-0.44103043402067277,60.570149394298504,60.577269394227308,60.571088788578223,60.577659394223403,60.557859394421406,60.571088788578223,60.558399394416007,0.020290522641919218,-0.0015509195356422367,0.0193989943891415
gap,sssp,sssp.twitter-900B,0.33305600000000002,0.33278799999999997,0.33354400000000001,0.33333499999999999,0.99919533051498832,1.0014652190622597,1.0008376969638739,-0.080466948501167757,0.1465219062259715,0.083769696387392401,63.927939360720607,63.902259999999998,63.93094,63.900439360995605,63.500430000000001,63.93094,63.463639365363605,0.66873633812648547,-0.0046937838281690958,0.72628650320971655
gap,sssp,sssp.urand-3381B,0.16875899999999999,0.168459,0.16867699999999999,0.16858799999999999,0.9982223170319805,0.9995140999887413,0.99898672070822891,-0.17776829680195005,-0.048590001125869975,-0.10132792917710853,76.383899236161014,76.384039999999999,76.383646944654117,76.384247708472572,76.361410000000006,76.383646944654117,76.351107709466774,0.029442377760102723,0.00033029409263196641,0.042929893632237537
gap,sssp,sssp.urand-3988B,0.175957,0.17582600000000001,0.17510200000000001,0.17509,0.99925549992327678,0.99514085827787468,0.9950726597975641,-0.074450007672322016,-0.48591417221253153,-0.49273402024359036,75.545986222700691,75.545106978195719,75.546286978148515,75.545060000000007,75.519116979235321,75.546286978148515,75.519469999999998,0.035566738630110617,-0.00039810910263948784,0.035099446081121588
gap,sssp,sssp.urand-4669B,0.170181,0.170353,0.170349,0.170408,1.0010106886197636,1.0009871842332576,1.001333873934223,0.10106886197636111,0.098718423325760973,0.13338739342230177,73.41995,73.418956329052179,73.420607063175723,73.418846329057686,73.396126330193681,73.420607063175723,73.396686330165679,0.03244849636415692,-0.00089493819557251442,0.031685760933264362
gap,sssp,sssp.urand-4819B,0.16788,0.16794300000000001,0.167904,0.16783200000000001,1.0003752680486062,1.0001429592566118,0.99971408148677632,0.037526804860621432,0.014295925661178543,-0.028591851322368189,72.361659276383406,72.360500000000002,72.362290000000002,72.360330000000005,72.342179999999999,72.362290000000002,72.337980000000002,0.026919333495389886,-0.00087162680195707054,0.032723512175092395
gap,sssp,sssp.web-1185B,0.36844100000000002,0.36928,0.36759399999999998,0.36784899999999998,1.002277162422206,0.99770112446768944,0.9983932298522693,0.22771624222059916,-0.22988755323105625,-0.16067701477306962,7.1108597866742063,7.0704699292953004,7.1103298577934027,7.0679498586410032,6.9519899304801003,7.1103298577934027,6.9280798614384027,2.2341863144570651,0.0074523882723220858,2.5704335441733006
gap,tc,tc.twitter-34B,0.58890900000000002,0.58881399999999995,0.58858900000000003,0.58905200000000002,0.99983868475435078,0.99945662233044497,1.0002428218960824,-0.01613152456492184,-0.054337766955503408,0.024282189608237914,3.7993700000000001,3.79826,3.7901500000000001,3.7893400000000002,3.5221200000000001,3.7901500000000001,3.4535,7.2972624408783604,0.24267181137925808,9.1033513450914256
gap,tc,tc.urand-1112B,0.15492500000000001,0.154945,0.15493299999999999,0.15487999999999999,1.0001290947232531,1.0000516378893012,0.99970953687268027,0.012909472325306481,0.0051637889301181517,-0.02904631273197289,8.0824098383518024,8.0831598383368028,8.0829698383406026,8.0828898383422025,8.0808698383826041,8.0829698383406026,8.0805798383884024,0.019053722837603093,-0.0069286264864132363,0.02264176155378772
gap,tc,tc.urand-187B,0.14460899999999999,0.14513799999999999,0.14490500000000001,0.144482,1.0036581402264035,1.0020468988790463,0.99912176973770661,0.3658140226403539,0.20468988790462994,-0.087823026229338907,9.27956,9.2794799999999995,9.2793600000000005,9.2798499999999997,9.2770499999999991,9.2793600000000005,9.2773699999999995,0.027048696274400985,0.0021552746035324866,0.023600256908740125
gap,tc,tc.urand-455B,0.115922,0.116498,0.11697,0.115953,1.0049688583702836,1.0090405617570435,1.0002674211970117,0.4968858370283602,0.9040561757043486,0.026742119701173017,14.76468,14.76567,14.764659999999999,14.765650000000001,14.76145,14.764659999999999,14.76132,0.021876532373210633,0.00013545840479300963,0.022757012004326338
gap,tc,tc.urand-504B,0.13045899999999999,0.13044800000000001,0.13051299999999999,0.130465,0.99991568232164907,1.0004139231482687,1.0000459914609188,-0.0084317678350931402,0.041392314826871335,0.0045991460918770599,11.626950000000001,11.62734,11.627140000000001,11.627269999999999,11.624650000000001,11.627140000000001,11.62459,0.019781628027981668,-0.001634134489258976,0.020297670498292675
gap,tc,tc.urand-825B,0.073986399999999994,0.074109400000000006,0.073995900000000003,0.074122499999999994,1.001662467696766,1.0001284019765797,1.0018395272644702,0.16624676967660346,0.01284019765797062,0.1839527264470231,38.741439612585602,38.743129612568701,38.741539612584603,38.743158837705238,38.618299613817001,38.741539612584603,38.618318841450431,0.31785085944147085,-0.0002581215360120126,0.31780122877822503
ligra,ligra_BC,ligra_BC.com-lj.ungraph.gcc_6.3.0_O3.drop_26750M.length_250M,0.55940900000000005,0.55981000000000003,0.55941300000000005,0.55965200000000004,1.0007168279380561,1.0000071504033721,1.0004343870048569,0.071682793805605272,0.00071504033720692917,0.04343870048568732,0.73196997804090069,0.70442997886710068,0.6830299795091006,0.65413998037580057,0.64721998058340058,0.6830299795091006,0.59052998228410059,11.578343374728473,6.68606636884026,19.323196305859526
ligra,ligra_BFS,ligra_BFS.com-lj.ungraph.gcc_6.3.0_O3.drop_21500M.length_250M,0.62271900000000002,0.62368299999999999,0.62322200000000005,0.62444599999999995,1.0015480497624127,1.0008077479569437,1.0027733215141981,0.15480497624127398,0.080774795694371626,0.27733215141980683,0.77446999999999999,0.77952999999999995,0.77151999999999998,0.77534999999999998,0.71735000000000004,0.77151999999999998,0.71203000000000005,7.3753663795886109,0.38090565160691092,8.0622877580797123
ligra,ligra_BellmanFord,ligra_BellmanFord.com-lj.ungraph.gcc_6.3.0_O3.drop_33750M.length_250M,0.40173300000000001,0.40222200000000002,0.401893,0.40202300000000002,1.001217226366766,1.0003982744758335,1.0007218724874483,0.12172263667660221,0.03982744758335155,0.072187248744826071,5.91709,5.7581698848366019,5.9079999409200008,5.7421898851562023,5.7495498850090021,5.9079999409200008,5.7317798853644026,2.8314613262768962,0.15362380967670619,3.1317778610025715
ligra,ligra_CF,ligra_CF.com-lj.ungraph.gcc_6.3.0_O3.drop_184750M.length_250M,1.07325,1.0755399999999999,1.07273,1.0763799999999999,1.0021337060330771,0.99951549033310028,1.0029163754949917,0.21337060330770541,-0.048450966689972397,0.29163754949916854,1.7019199659616007,1.7025999659480007,1.7017399659652006,1.7005299659894006,1.6578499668430007,1.7017399659652006,1.6520899669582008,2.5894284102660481,0.010576290307418024,2.9278697001034026
ligra,ligra_Components,ligra_Components.com-lj.ungraph.gcc_6.3.0_O3.drop_22750M.length_250M,0.453374,0.453293,0.45327299999999998,0.453546,0.99982133955630448,0.99977722586650308,1.0003793777322916,-0.017866044369552192,-0.022277413349691688,0.037937773229157479,3.0712000000000002,2.9865998805360046,3.0876199999999998,2.9875500000000001,2.8925898842964046,3.0876199999999998,2.87547,5.8156458616695605,-0.53464443865589573,6.3730789268038652
ligra,ligra_Components-Shortcut,ligra_Components-Shortcut.com-lj.ungraph.gcc_6.3.0_O3.drop_22000M.length_250M,0.467553,0.46697699999999998,0.46648499999999998,0.46672999999999998,0.99876805410295721,0.9977157669825667,0.99823977174780176,-0.12319458970427855,-0.22842330174333014,-0.17602282521982371,1.107749966767501,1.0662899680113009,1.1160399776792005,1.0669900000000001,0.99821997005340091,1.1160399776792005,0.99212999999999996,9.8876100203114436,-0.74836480798012861,10.437370366608
ligra,ligra_PageRank,ligra_PageRank.com-lj.ungraph.gcc_6.3.0_O3.drop_21750M.length_250M,0.590144,0.59060999999999997,0.59048800000000001,0.58971200000000001,1.0007896377833205,1.0005829085782454,0.99926797527383149,0.078963778332052925,0.058290857824538911,-0.0732024726168512,29.881579701184204,29.833539701664602,29.810929403781412,29.769300000000001,29.170769708292301,29.810929403781412,28.873080000000002,2.3787564111402482,0.23643427860673416,3.3749879064935651
ligra,ligra_PageRank,ligra_PageRank.com-lj.ungraph.gcc_6.3.0_O3.drop_60750M.length_250M,0.85189300000000001,0.852765,0.85198200000000002,0.85211800000000004,1.0010236027294508,1.0001044732143591,1.0002641176767506,0.10236027294507899,0.010447321435913537,0.026411767675060815,3.2829399671706003,3.2843699671563003,3.2645499673545002,3.2677299346454012,3.2583999674160005,3.2645499673545002,3.2398899352022013,0.74750071582179167,0.56016862933834233,1.3113255922709288
ligra,ligra_PageRank,ligra_PageRank.com-lj.ungraph.gcc_6.3.0_O3.drop_79500M.length_250M,0.51149,0.51237299999999997,0.510463,0.51090000000000002,1.0017263289604879,0.99799214060880959,0.9988465072630941,0.17263289604878551,-0.20078593911904141,-0.11534927369059034,32.728018690879253,32.805189015844327,32.672229673277705,32.781788360910582,32.537209023883726,32.672229673277705,32.410758379462081,0.58301624915871875,0.17046255726166359,0.96938441160688837
ligra,ligra_PageRankDelta,ligra_PageRankDelta.com-lj.ungraph.gcc_6.3.0_O3.drop_24000M.length_250M,0.64897000000000005,0.64963800000000005,0.64973700000000001,0.64942200000000005,1.0010293233893708,1.0011818728138435,1.0006964882814307,0.10293233893707843,0.11818728138435208,0.069648828143065167,1.5623099531307014,1.5549499222525038,1.4547199272640037,1.4457099277145036,1.5475499226225038,1.4547199272640037,1.4397899280105035,0.9447568632984793,6.8865992725130383,7.8422354587629028
ligra,ligra_PageRankDelta,ligra_PageRankDelta.com-lj.ungraph.gcc_6.3.0_O3.drop_24500M.length_250M,0.68164800000000003,0.68295499999999998,0.68184900000000004,0.68158399999999997,1.0019174119193484,1.0002948736004507,0.99990610989836393,0.19174119193483552,0.029487360045066247,-0.0093890101636073808,7.17218,7.1501999999999999,7.1724899282751009,7.1501799999999998,7.1397700000000004,7.1724899282751009,7.1379700000000001,0.45188492201813091,-0.0043212562303329705,0.47698189392904045
ligra,ligra_PageRankDelta,ligra_PageRankDelta.com-lj.ungraph.gcc_6.3.0_O3.drop_52000M.length_250M,0.64261599999999997,0.64770399999999995,0.64343700000000004,0.64492700000000003,1.0079176366601517,1.0012775903494469,1.003596237877675,0.79176366601516612,0.12775903494468555,0.35962378776750459,1.1618399535264019,1.0536799789264004,1.159029965229101,1.0503699789926004,1.0511299789774005,1.159029965229101,1.0472399790552005,9.5288489789816531,0.2418567453092102,9.8636627293947843
ligra,ligra_Radii,ligra_Radii.com-lj.ungraph.gcc_6.3.0_O3.drop_25000M.length_250M,0.278812,0.27882800000000002,0.27893200000000001,0.27869899999999997,1.000057386339182,1.0004303975438646,0.99959470897952729,0.0057386339181952906,0.043039754386464679,-0.040529102047270893,20.310589796894103,20.33509898324505,20.305140000000002,20.327979390160618,20.21010898949455,20.305140000000002,20.156369395308918,0.49472126808901562,0.026832292654221934,0.7593103062362494
ligra,ligra_Radii,ligra_Radii.com-lj.ungraph.gcc_6.3.0_O3.drop_32000M.length_250M,0.27374900000000002,0.27369700000000002,0.27449099999999999,0.27498099999999998,0.99981004496820081,1.0027105121845192,1.0045004730610887,-0.018995503179919382,0.27105121845192315,0.45004730610886945,1.26681,1.2651300000000001,1.2672199873278001,1.2657099999999999,1.18283,1.2672199873278001,1.18303,6.6292498480435054,-0.032363758401032783,6.6134621608607391
ligra,ligra_Radii,ligra_Radii.com-lj.ungraph.gcc_6.3.0_O3.drop_36000M.length_250M,0.27706199999999997,0.27712700000000001,0.27756900000000001,0.277196,1.0002346045289503,1.0018299153258117,1.000483646259682,0.02346045289502996,0.18299153258116707,0.048364625968200237,3.3121100000000001,3.3069998677200054,3.3117998675280051,3.3081799007546029,3.222879871084805,3.3117998675280051,3.2225099033247031,2.6940569279158888,0.0093635921510792919,2.7052270810841716
qmm,qmm_fp,compute_fp_1_new,0.62531499999999995,0.62816499999999997,0.62636899999999995,0.62870800000000004,1.0045577029177295,1.0016855504825568,1.0054260652631075,0.45577029177295003,0.16855504825568079,0.54260652631075157,0.67952000000000001,0.45572000000000001,0.66688998666220023,0.44354999556450003,0.37426999999999999,0.66688998666220023,0.35642999643570006,44.921415116552865,1.8586669027842895,47.546798264112901
qmm,qmm_fp,compute_fp_5_new,0.92797099999999999,0.93027700000000002,0.92830500000000005,0.93409500000000001,1.0024849914490863,1.0003599250407611,1.0065993441605394,0.24849914490863156,0.035992504076109988,0.65993441605394221,1.3474899865251002,1.9161399616772008,1.2984899350755033,1.9084299618314007,0.95828998083420036,1.2984899350755033,0.9219799815604004,28.883331941825162,3.6363944771091061,31.577971578252885
qmm,qmm_fp,compute_fp_7_new,0.45395099999999999,0.45337899999999998,0.45288899999999999,0.45442900000000003,0.99873995210936861,0.99766054045480679,1.0010529770834298,-0.12600478906313883,-0.23394595451932121,0.10529770834297736,1.6086099678278007,1.6030599679388007,1.5863399682732007,1.5839099683218005,1.4235599715288005,1.5863399682732007,1.3988299720234005,11.50372060350241,1.3844250626317223,13.04107272738576
qmm,qmm_int,compute_int_14_new,1.7845200000000001,1.78406,1.7807200000000001,1.7850200000000001,0.99974222760182008,0.99787057584112249,1.0002801873893259,-0.025777239817992292,-0.21294241588775131,0.028018738932589216,4.9800898007964083,4.9922899500771001,4.9333799506662004,4.9485999505140006,4.7194999528050001,4.9333799506662004,4.6499899535001008,5.2326335149565972,0.93793188473706435,6.6283914648189395
qmm,qmm_int,compute_int_23_new,0.51675000000000004,0.52096799999999999,0.51675000000000004,0.52090199999999998,1.0081625544267052,1,1.0080348330914368,0.81625544267052152,0,0.80348330914368216,1.0347199586112017,1.4813999407440024,1.0336899586524018,1.4847399851526002,0.69880997204760109,1.0336899586524018,0.69838999301610005,32.463854955930117,0.099543837946491909,32.504443622264986
qmm,qmm_int,compute_int_27_new,0.53737199999999996,0.53646099999999997,0.53766000000000003,0.538134,0.99830471256410835,1.0005359415823676,1.0014180121033476,-0.16952874358916459,0.053594158236758282,0.14180121033475768,2.6254999737450002,2.6264799999999999,2.6095498695225063,2.60806,2.50264,2.6095498695225063,2.4725999999999999,4.6794886678194647,0.60750730839820299,5.8236516958293683
qmm,qmm_int,compute_int_2_new,0.14097899999999999,0.14097999999999999,0.14105500000000001,0.14099400000000001,1.0000070932550238,1.0005390873818087,1.0001063988253571,0.00070932550237934322,0.053908738180874494,0.010639882535712353,9.4462899055371015,9.4473199055268005,9.4465099055349011,9.4470799055292005,9.4449499055505015,9.4465099055349011,9.4434699055653013,0.014185463287708089,-0.0023289566591699895,0.029852989903977889
qmm,qmm_int,compute_int_34_new,0.82638900000000004,0.82795799999999997,0.826936,0.82676799999999995,1.0018986215934627,1.0006619158773895,1.0004586217870759,0.18986215934626571,0.06619158773895073,0.045862178707589685,0.10355999482200026,0.10034999498250025,0.098689995065500247,0.097930000000000003,0.080299995985000205,0.098689995065500247,0.078060000000000004,22.460409424488216,4.7025878717651626,24.623402951911931
qmm,qmm_int,compute_int_37_new,0.37514799999999998,0.37531900000000001,0.374969,0.37488300000000002,1.0004558201029994,0.99952285497990134,0.99929361212108303,0.045582010299938247,-0.047714502009865711,-0.070638787891696975,23.655579763444202,23.667719526645609,23.652599526948009,23.66539952669201,23.600909527981809,23.652599526948009,23.598119528037611,0.23110926051737035,0.012598450454370802,0.24290351782197961
qmm,qmm_int,compute_int_38_new,0.65713900000000003,0.65744899999999995,0.65748600000000001,0.65687200000000001,1.0004717418993545,1.0005280465776647,0.99959369326733005,0.047174189935450528,0.052804657766469809,-0.040630673266994766,4.3395400000000004,4.3915699999999998,4.3388699566113003,4.3915300000000004,4.2271799999999997,4.3388699566113003,4.2230800000000004,2.5892145250418386,0.015440424300738886,2.6836945851403615
qmm,qmm_int,compute_int_45_new,0.19062200000000001,0.190662,0.19081799999999999,0.190776,1.0002098393679637,1.0010282129030226,1.0008078815666606,0.02098393679637045,0.1028212903022574,0.08078815666605621,2.2286399331408022,2.2239799332806021,2.0050499799495003,2.0014199799858003,2.0568299382951016,2.0050499799495003,1.7416899825831003,7.7091858712039834,10.032574121392447,21.84964665294531
qmm,qmm_srv,srv_0_new,1.61456,1.6133,1.6275200000000001,1.6274900000000001,0.99921960162521051,1.0080269547121197,1.0080083737984342,-0.07803983747894927,0.80269547121196716,0.80083737984342207,2.2813198859340056,2.2809298859535057,2.2815998859200057,2.2812898859355055,2.2803598859820058,2.2815998859200057,2.2807998859600058,0.042080900531260568,-0.012273595988299135,0.022793821121092073
qmm,qmm_srv,srv_10_new,1.6819599999999999,1.6833,1.69435,1.6929099999999999,1.0007966895764466,1.0073664058598302,1.0065102618373802,0.079668957644662974,0.73664058598301718,0.65102618373802379,2.3243100000000001,2.3226,2.3236299767637001,2.3208199767918001,2.3216299999999999,2.3236299767637001,2.3200399767996003,0.11530303616988924,0.029256993959503319,0.18371143265742962
qmm,qmm_srv,srv_1_new,1.01037,1.01088,0.99273299999999998,1.0156400000000001,1.0005047655809258,0.98254401852786599,1.0052159110029,0.050476558092582557,-1.7455981472134008,0.52159110028999756,1.6367299345308026,1.6348299346068027,1.6367099345316025,1.6349799346008027,1.6339299346428027,1.6367099345316025,1.6341599346336027,0.17107280980980244,0.0012219486415054881,0.15702040043257259
qmm,qmm_srv,srv_2_new,1.8134600000000001,1.8134600000000001,1.8126199999999999,1.81331,1,0.99953679706196985,0.99991728518963741,0,-0.046320293803014945,-0.0082714810362594093,1.66934,1.66927,1.6692899999999999,1.6692899999999999,1.66927,1.6692899999999999,1.6692899999999999,0.0041932739885286452,0.0029951957060903034,0.0029951957060903034
qmm,qmm_srv,srv_3_new,1.8284,1.82772,1.82761,1.82694,0.99962809013345,0.99956792824327279,0.99920148763946615,-0.037190986655000202,-0.043207175672721476,-0.079851236053385399,1.65463,1.65465,1.6546799999999999,1.65463,1.65465,1.6546799999999999,1.65463,-0.0012087294440465968,-0.0030218236100942875,0
qmm,qmm_srv,srv_4_new,1.8939699999999999,1.89439,1.8941699999999999,1.8935900000000001,1.0002217564164164,1.0001055982935316,0.99979936324229013,0.022175641641641874,0.010559829353162797,-0.020063675770987111,1.5826699841733001,1.58274,1.5826899999999999,1.5827299841727001,1.58274,1.5826899999999999,1.5827199841728001,-0.0044239056404826727,-0.001264687325841507,-0.0031592182830220139
qmm,qmm_srv,srv_5_new,1.91967,1.91937,1.91991,1.91977,0.99984372313991465,1.0001250214880684,1.0000520922866951,-0.015627686008534702,0.012502148806836644,0.0052092286695115675,1.5979999680400006,1.5979599680408005,1.5980499680390006,1.5980099680398006,1.5979499680410005,1.5980499680390006,1.5979899680402005,0.0031289111389276592,-0.0031289111389165569,0.00062578222778109094
qmm,qmm_srv,srv_60_new,1.5604100000000001,1.56027,1.56185,1.5615600000000001,0.99991027999051529,1.000922834383271,1.0007369857921957,-0.0089720009484706154,0.092283438327100953,0.073698579219572125,2.5321999240340021,2.5315399240538023,2.5319499240415024,2.5316399240508023,2.5310499240685025,2.5319499240415024,2.5310699240679022,0.045415054103137287,0.0098728378485013479,0.044625227075267837
qmm,qmm_srv,srv_61_new,1.6081099999999999,1.60833,1.61154,1.61103,1.0001368065617402,1.0021329386671309,1.0018157961830969,0.013680656174019923,0.21329386671309347,0.18157961830969072,2.2885899542282009,2.2878299542434011,2.2887199542256007,2.2886599313402018,2.2872799542544011,2.2887199542256007,2.288359931349202,0.057240484315657092,-0.0056803534053573301,0.010050855924359503
qmm,qmm_srv,srv_62_new,1.8115699999999999,1.81158,1.8117799999999999,1.81019,1.0000055200737483,1.0001159215487119,0.99923822982275046,0.00055200737483218631,0.011592154871187255,-0.076177017724954332,1.7087300000000001,1.70869,1.7087399999999999,1.7087699999999999,1.70868,1.7087399999999999,1.7087600000000001,0.0029261498305843681,-0.00058522996611021227,-0.0017556898983528413
qmm,qmm_srv,srv_63_new,1.81125,1.81125,1.8108900000000001,1.81148,1,0.99980124223602485,1.0001269841269842,0,-0.019875776397515477,0.012698412698419759,1.7760499467185016,1.7759899467203015,1.7761799467146016,1.7759399467218016,1.7759899467203015,1.7761799467146016,1.7759399467218016,0.0033782832690509856,-0.007319613749601217,0.0061935193265916233
qmm,qmm_srv,srv_64_new,1.9305699999999999,1.92967,1.93068,1.9285099999999999,0.99953381643763251,1.0000569779909561,0.99893295762391421,-0.046618356236749481,0.0056977990956053048,-0.10670423760857917,1.601839919908004,1.6017899359284025,1.6019099519427014,1.6019599359216026,1.6017899359284025,1.6019099519427014,1.6019599359216026,0.0031204104093296436,-0.0043719746166237528,-0.0074923849822328137
qmm,qmm_srv,srv_65_new,1.9371799999999999,1.9371400000000001,1.93956,1.93913,0.99997935142836503,1.0012285900122859,1.001006617867209,-0.0020648571634973578,0.12285900122859239,0.10066178672090142,1.5686800000000001,1.56871,1.5686899999999999,1.56867,1.56871,1.5686899999999999,1.56867,-0.0019124359333932972,-0.00063747864444962943,0.00063747864447183389
qmm,qmm_srv,srv_66_new,1.8188500000000001,1.81799,1.8184899999999999,1.81856,0.99952717376364186,0.9998020727382686,0.99984055859471632,-0.047282623635813703,-0.019792726173140096,-0.015944140528367789,1.7128999314840028,1.7126799314928027,1.7128599314856028,1.7127099314916028,1.7126099314956027,1.7128599314856028,1.7126399314944027,0.016930352034560947,0.0023352209702842686,0.015178936306847746
qmm,qmm_srv,srv_67_new,1.85406,1.8555999999999999,1.8555699999999999,1.85416,1.0008306095811355,1.0008144288750094,1.0000539356870868,0.083060958113545524,0.081442887500937644,0.0053935687086781314,1.6339799346408026,1.6339499346420026,1.6339799346408026,1.6339699346412027,1.6339499346420026,1.6339799346408026,1.6339699346412027,0.001836007784672411,0,0.00061200259489080366
qmm,qmm_srv,srv_68_new,1.7417899999999999,1.7420899999999999,1.74214,1.74373,1.0001722366071684,1.0002009427083633,1.0011137967263561,0.017223660716836342,0.020094270836334971,0.11137967263561421,1.9016599619668009,1.9015499619690008,1.9016299619674009,1.9015699619686008,1.9015499619690008,1.9016299619674009,1.9015699619686008,0.005784419927856721,0.0015775690712316326,0.0047327072136948978
qmm,qmm_srv,srv_69_new,1.5045599999999999,1.50448,1.50427,1.50406,0.99994682830860859,0.99980725261870584,0.9996676769288031,-0.0053171691391407094,-0.019274738129415603,-0.033232307119690496,2.2669899546602008,2.2663799546724008,2.2668899773311004,2.2659399546812007,2.2656299546874008,2.2668899773311004,2.2652599546948009,0.059991442397189232,0.0044101355144876564,0.076312643637599376
qmm,qmm_srv,srv_6_new,1.8811,1.88195,1.8821300000000001,1.883,1.00045186327149,1.0005475519642764,1.0010100473127426,0.045186327149004946,0.054755196427636044,0.1010047312742568,1.7196099484117016,1.7196599484102015,1.7196799828032001,1.7198599484042016,1.7196599484102015,1.7196799828032001,1.7198599484042016,-0.0029076360337443319,-0.0040726905286447845,-0.014538180168766068
qmm,qmm_srv,srv_7_new,1.6998200000000001,1.7004999999999999,1.70072,1.7009099999999999,1.000400042357426,1.000529467826005,1.0006412443670505,0.040004235742596705,0.052946782600504783,0.064124436705048637,2.1281799361546021,2.128189936154302,2.1281299148748034,2.1281199148752035,2.1281399361558018,2.1281299148748034,2.1280899148764032,0.0018795402644711245,0.002350425307040549,0.0042299655527044955
parsec,parsec_canneal,parsec_2.1.canneal.simlarge.prebuilt.drop_1250M.length_250M,0.49899500000000002,0.498975,0.49881199999999998,0.49885800000000002,0.9999599194380705,0.9996332628583452,0.99972544815078312,-0.0040080561929500824,-0.036673714165480487,-0.027455184921687525,3.0015999399680013,3.0073299398534012,3.0015899399682011,3.0073299398534012,2.9993899400122013,3.0015899399682011,2.9994599400108011,0.073627398720688131,0.0003331556503227695,0.071295309168450949
parsec,parsec_canneal,parsec_2.1.canneal.simlarge.prebuilt.drop_3000M.length_250M,0.39221200000000001,0.39204499999999998,0.39209699999999997,0.39215,0.9995742098660928,0.99970679122515371,0.99984192222573509,-0.042579013390720011,-0.029320877484628749,-0.015807777426490865,4.7462498101500072,4.7513198099472076,4.7463998101440072,4.7513898099444072,4.740839810366408,4.7463998101440072,4.7410298103588078,0.11398472478271193,-0.0031603897814092008,0.10998156439293583
parsec,parsec_canneal,parsec_2.1.canneal.simlarge.prebuilt.drop_4500M.length_250M,0.37695699999999999,0.37694800000000001,0.37701000000000001,0.37694800000000001,0.99997612459776586,1.0001405995909349,0.99997612459776586,-0.0023875402234141418,0.014059959093493113,-0.0023875402234141418,5.1943598441692043,5.1989098440327046,5.1943698441689046,5.1989098440327046,5.1895498443135049,5.1943698441689046,5.1895498443135049,0.092600435857337349,-0.00019251649867602083,0.092600435857337349
parsec,parsec_canneal,parsec_2.1.canneal.simlarge.prebuilt.drop_4750M.length_250M,0.29843999999999998,0.29839900000000003,0.29835899999999999,0.29842000000000002,0.99986261895188322,0.99972858866103742,0.99993298485457727,-0.013738104811678031,-0.027141133896257941,-0.0067015145422733013,12.270809754583805,12.269019754619604,12.271089754578204,12.268999754620005,12.266899754662004,12.271089754578204,12.266749754665005,0.031864237161205455,-0.0022818379552758117,0.033086650351521474
parsec,parsec_canneal,parsec_2.1.canneal.simlarge.prebuilt.drop_5000M.length_15M,0.29302,0.29295100000000002,0.29294999999999999,0.29296499999999998,0.99976452119309267,0.99976110845676058,0.99981229950174044,-0.023547880690732992,-0.023889154323941675,-0.018770049825955759,12.525719749485605,12.524179749516405,12.526229749475405,12.524119749517604,12.522799749544005,12.526229749475405,12.522549749549006,0.023312033160571843,-0.0040716222301062643,0.025307926410611525
parsec,parsec_canneal,parsec_2.1.canneal.simlarge.prebuilt.drop_500M.length_250M,0.66023600000000005,0.660686,0.66028699999999996,0.66023299999999996,1.0006815744673117,1.0000772451062951,0.99999545617021779,0.068157446731165194,0.0077245106295142918,-0.00045438297822109064,1.6317999836820001,1.6407599835924003,1.6317199836828002,1.6407599835924003,1.6275299837247001,1.6317199836828002,1.6275299837247001,0.26167422478244884,0.0049025615884157325,0.26167422478244884
xsbench,xsbench_XL100hash,xs.XL100hash-194B,0.21668399999999999,0.21665999999999999,0.21659400000000001,0.216699,0.99988923963006038,0.99958464861272645,1.0000692252312124,-0.011076036993962202,-0.041535138727355481,0.0069225231212444172,8.2102398357952033,8.2111298357774025,8.2101898357962035,8.2111498357770039,8.2052698358946028,8.2101898357962035,8.2051598358968025,0.060534162216940857,0.00060899559574112416,0.061873952527580212
xsbench,xsbench_XL100hash,xs.XL100hash-28B,0.51571800000000001,0.51529000000000003,0.51429999999999998,0.51396900000000001,0.99917008907969085,0.99725043531542423,0.9966086116831292,-0.082991092030915148,-0.27495646845757671,-0.33913883168708026,0.98063996077440152,0.99485996020560163,0.97857999021420006,0.98616996055320161,0.9679899612804016,0.97857999021420006,0.96288996148440154,1.2899738945994388,0.21006390139095554,1.8100424212758925
xsbench,xsbench_XL100nuclide,xs.XL100nuclide-185B,0.154889,0.15485099999999999,0.154891,0.154838,0.99975466301674099,1.0000129124728032,0.99967073194352085,-0.024533698325901465,0.0012912472803217057,-0.032926805647914836,36.483109635168901,36.484439635155603,36.483199635168006,36.484439635155603,36.4791296352087,36.483199635168006,36.479189635208101,0.010909157689686921,-0.00024668949549777608,0.010744698026021737
xsbench,xsbench_XL100nuclide,xs.XL100nuclide-296B,0.15476699999999999,0.154808,0.154805,0.15479000000000001,1.0002649143551274,1.000245530377923,1.0001486104919008,0.026491435512743244,0.02455303779229645,0.014861049190084685,36.751609999999999,36.752980000000001,36.751530000000002,36.753,36.747509999999998,36.751530000000002,36.747680000000003,0.011155973847132294,0.00021767753847212745,0.010693409077855431
xsbench,xsbench_XL100nuclide,xs.XL100nuclide-577B,0.15509100000000001,0.155138,0.155052,0.15512000000000001,1.0003030478880142,0.99974853473122227,1.0001869869947322,0.030304788801416294,-0.025146526877772857,0.018698699473218561,36.661519633384806,36.662990000000001,36.661639999999998,36.66283,36.657420000000002,36.661639999999998,36.657380000000003,0.011182388034647328,-0.00032831867418092742,0.011291494259368928
xsbench,xsbench_XL100nuclide,xs.XL100nuclide-829B,0.15504399999999999,0.155028,0.15502299999999999,0.155027,0.99989680348804222,0.99986455457805534,0.99989035370604484,-0.010319651195778157,-0.01354454219446577,-0.010964629395515679,36.697490000000002,36.698090000000001,36.69746,36.698230000000002,36.693069999999999,36.69746,36.693269999999998,0.012044420476720052,8.1749460256741457e-05,0.011499424075067655
xsbench,xsbench_XL100unionized,xs.XL100unionized-28B,0.51622000000000001,0.51586399999999999,0.514019,0.514683,0.99931037154701474,0.995736313974662,0.99702258726899384,-0.06896284529852581,-0.42636860253379982,-0.29774127310061571,0.98019997059400088,0.99463997016080086,0.97799997066000088,0.98550998028980041,0.9677599709672009,0.97799997066000088,0.96236998075260038,1.2691287492348491,0.22444399102223844,1.8190155454295254
xsbench,xsbench_XL64hash,xs.XL64hash-126B,0.21796299999999999,0.218027,0.21763299999999999,0.21812699999999999,1.0002936278175654,0.99848598156567858,1.0007524212825112,0.029362781756536727,-0.1514018434321418,0.075242128251118423,8.2044299179557001,8.2049599179504007,8.2043499179565007,8.2048899179511015,8.1995299180047017,8.2043499179565007,8.1993199180068004,0.059723832124825016,0.00097508297346449169,0.062283424930187348
xsbench,xsbench_XL64hash,xs.XL64hash-49B,0.414211,0.41416999999999998,0.41348099999999999,0.41362399999999999,0.99990101663162012,0.99823761319713866,0.99858284787221974,-0.0098983368379879089,-0.17623868028613376,-0.14171521277802634,2.7314698907412045,2.741889945162201,2.72797,2.73332,2.7135399457292011,2.72797,2.7092299999999998,0.65642111131373193,0.12813213695189729,0.81420962451721479
xsbench,xsbench_XL64nuclide,xs.XL64nuclide-355B,0.15510699999999999,0.155024,0.15498000000000001,0.15504999999999999,0.99946488553063373,0.99918121039024677,0.99963251174995327,-0.053511446936627127,-0.081878960975323434,-0.036748825004673247,36.690659266186813,36.691760000000002,36.690518899284434,36.691798899246031,36.68647,36.690518899284434,36.686488899405333,0.011417800253799015,0.00038256849341777865,0.011366290126391121
xsbench,xsbench_XL64unionized,xs.XL64unionized-28B,0.51587499999999997,0.51590199999999997,0.51474699999999995,0.51487099999999997,1.0000523382602375,0.99781342379452387,0.99805379210079959,0.0052338260237538847,-0.21865762054761317,-0.19462078992004139,0.97994999999999999,0.99447999005520005,0.97782000000000002,0.98683997039480087,0.96766999032330014,0.97782000000000002,0.96335997109920091,1.2531261469156396,0.21735802847083763,1.6929464667380101
xsbench,xsbench_XXL100hash,xs.XXL100hash-552B,0.19691800000000001,0.196909,0.19680500000000001,0.19683100000000001,0.99995429569668592,0.99942615708061222,0.99955819173463067,-0.0045704303314075823,-0.05738429193877792,-0.04418082653693256,9.3331297200061076,9.3339797199806078,9.3330797200076088,9.3339097199827084,9.3284997201450093,9.3330797200076088,9.3283097201507079,0.049608223607711111,0.00053572595687390034,0.051643982243898545
xsbench,xsbench_XXL100hash,xs.XXL100hash-563B,0.19731299999999999,0.19734499999999999,0.19738,0.19726299999999999,1.0001621788731609,1.0003395620156807,0.99974659551068612,0.016217887316094526,0.033956201568074995,-0.025340448931387982,9.3323897200283081,9.3331597200052077,9.3324697200259088,9.3333897199983085,9.3277797201666086,9.3324697200259088,9.3279697201609082,0.049397849854104781,-0.00085722949856315012,0.047361929795042279
xsbench,xsbench_XXL100hash,xs.XXL100hash-94B,0.504633,0.50502999999999998,0.50326599999999999,0.50396300000000005,1.0007867103419712,0.99729110066127258,0.99867230244553973,0.078671034197119738,-0.27088993387274218,-0.1327697554460272,1.24918,1.2517699874823001,1.24614,1.2419999875800001,1.2224699877753,1.24614,1.2183199878168001,2.1382036395635518,0.24335964392641074,2.4704215712067046
xsbench,xsbench_XXL100nuclide,xs.XXL100nuclide-165B,0.14493400000000001,0.14494599999999999,0.14493200000000001,0.144958,1.0000827963072847,0.99998620061545251,1.0001655926145694,0.0082796307284693782,-0.0013799384547485971,0.016559261456938756,38.544309614556902,38.545439999999999,38.544299614557005,38.545360000000002,38.540280000000003,38.544299614557005,38.540329999999997,0.010454499243062187,2.5944166592850593e-05,0.010324778408798974
xsbench,xsbench_XXL100nuclide,xs.XXL100nuclide-30B,0.54335599999999995,0.54304200000000002,0.54154000000000002,0.54195599999999999,0.99942210999786529,0.99665780814051941,0.99742342037264708,-0.057789000213470665,-0.33421918594805922,-0.25765796273529151,1.2363199381840031,1.2463599376820031,1.2333999383300032,1.2381199380940031,1.2173699391315032,1.2333999383300032,1.2139599393020031,1.5327746861653835,0.2361848065225769,1.8085932444674491
xsbench,xsbench_XXL100nuclide,xs.XXL100nuclide-324B,0.144679,0.144647,0.14463300000000001,0.14469799999999999,0.99977882069961777,0.9996820547557006,1.0001313252096018,-0.022117930038223488,-0.031794524429940019,0.013132520960179583,38.515709999999999,38.5171196148288,38.515679614843201,38.516909614830901,38.511909614880906,38.515679614843201,38.511779614882201,0.0098671038884945439,7.8890293853106641e-05,0.010204628495225077
xsbench,xsbench_XXL100nuclide,xs.XXL100nuclide-487B,0.144285,0.144286,0.14429800000000001,0.14427799999999999,1.0000069307273798,1.0000900994559381,0.99995148490834107,0.00069307273797836189,0.0090099455938075224,-0.0048515091658929421,38.508749614912503,38.510179614898206,38.508740000000003,38.510199999999998,38.505139614948604,38.508740000000003,38.505369999999999,0.009374492810076962,2.4968124379132206e-05,0.0087762260429169459
xsbench,xsbench_XXL100nuclide,xs.XXL100nuclide-648B,0.14466200000000001,0.14465700000000001,0.14468200000000001,0.14468200000000001,0.99996543667307236,1.0001382533077103,1.0001382533077103,-0.0034563326927639082,0.013825330771033428,0.013825330771033428,38.576369614236306,38.577649999999998,38.576479614235204,38.577640000000002,38.572389999999999,38.576479614235204,38.572510000000001,0.010316196874160521,-0.00028514865446638282,0.01000512561161182
xsbench,xsbench_XXL100nuclide,xs.XXL100nuclide-650B,0.143925,0.14388400000000001,0.143897,0.143951,0.99971512940767771,0.99980545422963352,1.0001806496439118,-0.028487059232229495,-0.019454577036648324,0.018064964391184546,38.4895096151049,38.490789230184212,38.489589615104101,38.490959615090404,38.485579230288415,38.489589615104101,38.485689615143102,0.010211574155627456,-0.00020784883985047742,0.0099247821029657679
xsbench,xsbench_XXL100nuclide,xs.XXL100nuclide-861B,0.14454600000000001,0.144537,0.14452899999999999,0.14452799999999999,0.99993773608401471,0.99988239038091664,0.99987547216802941,-0.006226391598529446,-0.011760961908335865,-0.012452783197058892,38.552618843421435,38.553989228920216,38.552599614474005,38.553989999999999,38.548779229024419,38.552599614474005,38.548839999999998,0.0099594126474533695,4.9877149743693394e-05,0.0098017813959239142
xsbench,xsbench_XXL100unionized,xs.XXL100unionized-24B,0.33542,0.33520299999999997,0.33399299999999998,0.334368,0.99935304990757845,0.9957456323415419,0.99686363365333019,-0.064695009242154988,-0.42543676584581025,-0.31363663466698055,8.5286895735655222,8.5448897436533073,8.5247299999999999,8.5376795731160211,8.5145697445629072,8.5247299999999999,8.5125895743705211,0.16555684060044484,0.046426517595332673,0.18877459492607773
xsbench,xsbench_XXL64hash,xs.XXL64hash-205B,0.19744999999999999,0.197494,0.19747000000000001,0.19749700000000001,1.0002228412256269,1.000101291466194,1.000238034945556,0.022284122562687969,0.010129146619397567,0.023803494555596494,9.3433799065662004,9.3441299065587007,9.3434699065653017,9.3442595327870226,9.3384799066152002,9.3434699065653017,9.3385695330715226,0.052443548266256634,-0.00096324884573117941,0.051484297361148457
xsbench,xsbench_XXL64hash,xs.XXL64hash-24B,0.334314,0.33488600000000002,0.33441700000000002,0.33441500000000002,1.0017109663370365,1.0003080935886621,1.0003021111888823,0.17109663370364903,0.030809358866212833,0.0302111188882348,8.5281500000000001,8.5441000000000003,8.5242297442731072,8.5372299999999992,8.5142699999999998,8.5242297442731072,8.5122,0.16275511101470075,0.045968419022801577,0.18702766719628228
xsbench,xsbench_XXL64nuclide,xs.XXL64nuclide-24B,0.334899,0.33502199999999999,0.33447700000000002,0.33454600000000001,1.000367274909749,0.99873991860232492,0.99894595086876936,0.036727490974897137,-0.12600813976750835,-0.10540491312306388,8.5269497441915085,8.5440297436791077,8.5231597443052074,8.5371396585144144,8.5138797445836083,8.5231597443052074,8.5118196595272142,0.15327872216912564,0.044447311172235437,0.17743841723238951
xsbench,xsbench_XXL64nuclide,xs.XXL64nuclide-531B,0.14439399999999999,0.14449600000000001,0.14443800000000001,0.14446100000000001,1.0007064005429589,1.0003047218028451,1.0004640081997869,0.070640054295889598,0.030472180284513151,0.046400819978686947,38.5677380716131,38.571218071439098,38.567438071628096,38.571318071434099,38.564538071773093,38.567438071628096,38.564808071759593,0.0082970897439360591,0.00077785216350267916,0.0075970227967903092
xsbench,xsbench_XXL64nuclide,xs.XXL64nuclide-566B,0.144678,0.14463599999999999,0.14461599999999999,0.144652,0.99970970016173843,0.99957146214351866,0.99982029057631427,-0.029029983826156514,-0.042853785648133691,-0.017970942368572551,38.401699615983006,38.402819231943617,38.401879999999998,38.402879615971202,38.397289232054213,38.401879999999998,38.397469616025305,0.011484866484812173,-0.00046972925364929807,0.011015137350689486
xsbench,xsbench_XXL64unionized,xs.XXL64unionized-24B,0.33474700000000002,0.33478799999999997,0.33447500000000002,0.33440599999999998,1.0001224805599451,0.99918744604133869,0.99898132022094288,0.012248055994512619,-0.081255395866131064,-0.10186797790571189,8.5299200000000006,8.5457295727135207,8.5257895737105205,8.5386399146136007,8.5157695742115216,8.5257895737105205,8.5135399148646016,0.16589165887228585,0.048422802200720483,0.19203093505447688
