dataset,workload,trace_tag,baseline_ipc,ideal_demand_ipc,ideal_demand_speedup,ideal_l1pref_ipc,ideal_l1pref_speedup,ideal_all_ipc,ideal_all_speedup
spec06,403.gcc,403.gcc-17B,0.69089299999999998,0.71355400000000002,1.0327995796744214,0.68814699999999995,0.99602543375023334,0.71705600000000003,1.0378683819346846
spec06,429.mcf,429.mcf-184B,0.121238,0.127529,1.0518896715551229,0.12103,0.9982843662877976,0.12801199999999999,1.055873570992593
spec06,429.mcf,429.mcf-192B,0.119731,0.124219,1.0374840266931704,0.11953,0.99832123677243145,0.12427000000000001,1.0379099815419566
spec06,429.mcf,429.mcf-22B,0.77663099999999996,0.84972899999999996,1.094121918903572,0.77633399999999997,0.99961757900470105,0.85014100000000004,1.0946524153684312
spec06,429.mcf,429.mcf-51B,0.15767100000000001,0.163332,1.0359038757919972,0.158473,1.0050865409618763,0.16323699999999999,1.0353013553538697
spec06,433.milc,433.milc-127B,1.3909100000000001,1.3990499999999999,1.0058522837566772,1.40202,1.0079875764787081,1.41187,1.0150692711965548
spec06,433.milc,433.milc-274B,1.8021199999999999,1.80142,0.99961156859698586,1.8053399999999999,1.0017867844538655,1.80786,1.0031851375047167
spec06,433.milc,433.milc-337B,1.5121800000000001,1.50847,0.99754658836910948,1.51522,1.0020103426840719,1.5084900000000001,0.99755981430782048
spec06,436.cactusADM,436.cactusADM-1804B,1.8897600000000001,2.00684,1.0619549572432478,1.8937900000000001,1.0021325459317585,2.0079500000000001,1.0625423334180002
spec06,450.soplex,450.soplex-247B,0.60840700000000003,0.62084300000000003,1.0204402644939983,0.608178,0.999623607223454,0.62241100000000005,1.0230174866495618
spec06,459.GemsFDTD,459.GemsFDTD-1169B,1.1706000000000001,1.21852,1.0409362719972663,1.1718299999999999,1.0010507432086109,1.2180500000000001,1.040534768494789
spec06,459.GemsFDTD,459.GemsFDTD-1211B,1.3523799999999999,1.35277,1.0002883804847751,1.3545799999999999,1.0016267617089871,1.35521,1.0020926071074698
spec06,459.GemsFDTD,459.GemsFDTD-765B,1.23373,1.23624,1.0020344808021204,1.2408399999999999,1.0057630113558071,1.24231,1.0069545200327463
spec06,471.omnetpp,471.omnetpp-188B,0.43608200000000003,0.46291100000000002,1.0615228328617095,0.43438700000000002,0.99611311634050481,0.466005,1.0686178287569768
spec06,473.astar,473.astar-359B,0.193965,0.206591,1.0650942180290259,0.19387499999999999,0.9995359987626633,0.20677300000000001,1.0660325316423067
spec06,473.astar,473.astar-42B,0.62118099999999998,0.62733000000000005,1.0098988861539553,0.62083699999999997,0.99944621615921925,0.62834400000000001,1.0115312606148612
spec06,483.xalancbmk,483.xalancbmk-127B,0.296097,0.30731999999999998,1.0379031195858113,0.29639100000000002,1.0009929178613766,0.30871100000000001,1.0426009044333446
spec17,602.gcc_s,602.gcc_s-2226B,0.73895500000000003,0.75442399999999998,1.0209336157140827,0.75441000000000003,1.0209146700408009,0.777976,1.0528056512236874
spec17,605.mcf_s,605.mcf_s-1536B,0.500166,0.52444000000000002,1.0485318874133789,0.50039800000000001,1.000463846003127,0.52479600000000004,1.0492436511078322
spec17,605.mcf_s,605.mcf_s-1644B,0.20235300000000001,0.28209200000000001,1.394058897075902,0.20260700000000001,1.0012552321932464,0.28256199999999998,1.3963815708193106
spec17,605.mcf_s,605.mcf_s-472B,0.625224,0.63633600000000001,1.0177728302176501,0.62690000000000001,1.0026806392588896,0.63923600000000003,1.022411167837447
spec17,605.mcf_s,605.mcf_s-782B,0.15260099999999999,0.152563,0.99975098459381007,0.15154799999999999,0.99309965203373507,0.153033,1.00283091198616
spec17,605.mcf_s,605.mcf_s-994B,0.41350100000000001,0.49766899999999997,1.2035496891180431,0.41337800000000002,0.99970254001804115,0.49736799999999998,1.2028217585930867
spec17,620.omnetpp_s,620.omnetpp_s-141B,0.46777600000000003,0.52021899999999999,1.1121113524421944,0.46762700000000001,0.99968147147352582,0.52067799999999997,1.1130925913257625
spec17,620.omnetpp_s,620.omnetpp_s-874B,0.513791,0.57193899999999998,1.1131744230630742,0.51347600000000004,0.99938691024171311,0.57258500000000001,1.1144317436467357
spec17,623.xalancbmk_s,623.xalancbmk_s-10B,0.67739700000000003,0.72341,1.0679261939453526,0.67745100000000003,1.0000797169163724,0.72503600000000001,1.0703265588716808
spec17,623.xalancbmk_s,623.xalancbmk_s-592B,1.1791199999999999,1.2031799999999999,1.0204050478322817,1.1774199999999999,0.99855824682814298,1.20381,1.02093934459597
spec17,623.xalancbmk_s,623.xalancbmk_s-700B,1.03596,1.06978,1.0326460481099655,1.0338799999999999,0.99799220047106063,1.0644899999999999,1.0275396733464612
spec17,649.fotonik3d_s,649.fotonik3d_s-10881B,1.1654599999999999,1.17516,1.0083228939646149,1.19669,1.0267962864448372,1.19756,1.0275427728107356
gap,bc,bc.kron-2608B,0.479991,0.67941399999999996,1.4154723734403352,0.483929,1.0082043204976761,0.68009200000000003,1.4168848999252071
gap,bc,bc.kron-5154B,0.96195600000000003,1.4118200000000001,1.4676554852820711,0.96221599999999996,1.0002702826324696,1.4136899999999999,1.4695994411386797
gap,bc,bc.road-131B,0.16236400000000001,0.171044,1.0534601266290557,0.162138,0.99860806582740014,0.170899,1.0525670715183169
gap,bc,bc.road-174B,0.23188600000000001,0.24374999999999999,1.0511630715092761,0.23196600000000001,1.0003449971106493,0.243677,1.0508482616458088
gap,bc,bc.road-79B,0.28065899999999999,0.293126,1.0444204532902919,0.28065200000000001,0.99997505870112846,0.29340899999999998,1.045428794373243
gap,bc,bc.road-95B,0.213869,0.225887,1.056193277193048,0.213921,1.000243139491932,0.22578200000000001,1.055702322449724
gap,bc,bc.twitter-1658B,0.40610600000000002,0.52338399999999996,1.2887866714601606,0.40636299999999997,1.0006328397019497,0.52404200000000001,1.2904069380900554
gap,bc,bc.twitter-2320B,0.59070900000000004,0.75486200000000003,1.277891482946764,0.59020899999999998,0.99915355953608287,0.75784899999999999,1.2829481182782045
gap,bc,bc.twitter-309B,0.20130200000000001,0.229044,1.1378128384218735,0.20144300000000001,1.000700440134723,0.22961300000000001,1.1406394372634152
gap,bc,bc.twitter-876B,0.17873900000000001,0.20486199999999999,1.1461516512904288,0.17837600000000001,0.99796910579112563,0.20536199999999999,1.148949026233782
gap,bc,bc.urand-3004B,0.32841100000000001,0.58585900000000002,1.7839201488378891,0.32847599999999999,1.0001979227248783,0.58612900000000001,1.7847422893873834
gap,bfs,bfs.kron-128B,0.53136899999999998,0.57591199999999998,1.0838268698399793,0.53206900000000001,1.0013173519719818,0.57676099999999997,1.0854246295888543
gap,bfs,bfs.kron-542B,0.20288600000000001,0.21352699999999999,1.0524481728655499,0.20336499999999999,1.0023609317547784,0.21364900000000001,1.0530494957759529
gap,bfs,bfs.road-112B,0.19062999999999999,0.19988300000000001,1.0485390547133191,0.19056000000000001,0.99963279651681269,0.19983600000000001,1.048292503803179
gap,bfs,bfs.road-128B,0.168102,0.17594399999999999,1.0466502480636755,0.16814000000000001,1.0002260532295868,0.17615700000000001,1.0479173359032017
gap,bfs,bfs.road-140B,0.173649,0.182618,1.0516501678673646,0.17388999999999999,1.0013878571140633,0.182616,1.051638650380941
gap,bfs,bfs.road-19B,0.23557,0.24154900000000001,1.0253809907883007,0.235903,1.0014135925627201,0.24174300000000001,1.0262045251942098
gap,bfs,bfs.twitter-10B,0.36535499999999999,0.42996800000000002,1.1768499130982197,0.36592999999999998,1.001573811772112,0.42990299999999998,1.1766720039413721
gap,bfs,bfs.twitter-160B,0.200985,0.20883399999999999,1.0390526656218126,0.20064199999999999,0.99829340498047114,0.20952100000000001,1.042470831156554
gap,bfs,bfs.twitter-163B,0.32311600000000001,0.37499300000000002,1.1605522474900656,0.323577,1.0014267321952488,0.37473800000000002,1.1597630572302207
gap,bfs,bfs.twitter-242B,0.23235900000000001,0.25022899999999998,1.0769068553402277,0.232321,0.99983645996066428,0.25015500000000002,1.0765883826320479
gap,bfs,bfs.twitter-408B,0.325239,0.34068999999999999,1.0475066028366831,0.32592300000000002,1.00210306882016,0.34159200000000001,1.0502799479767186
gap,bfs,bfs.twitter-44B,0.34171000000000001,0.34658899999999998,1.0142781891077228,0.34171000000000001,1,0.34681600000000001,1.0149424950981827
gap,bfs,bfs.urand-118B,0.13858000000000001,0.186776,1.3477846731130032,0.13835,0.99834030884687541,0.18688399999999999,1.3485640063501225
gap,bfs,bfs.urand-161B,0.19647700000000001,0.19917499999999999,1.0137318871929029,0.19671,1.0011858894425301,0.19933100000000001,1.0145258732574296
gap,bfs,bfs.urand-356B,0.15184500000000001,0.203235,1.3384372221673415,0.15187600000000001,1.0002041555533603,0.20340800000000001,1.3395765418683525
gap,bfs,bfs.urand-36B,0.29942299999999999,0.30596099999999998,1.021835329951273,0.300514,1.0036436746676107,0.30460100000000001,1.0172932607047556
gap,bfs,bfs.urand-410B,0.18176999999999999,0.184172,1.0132145018429886,0.182032,1.0014413819662211,0.18312,1.0074269681465589
gap,bfs,bfs.urand-60B,0.18757099999999999,0.189468,1.010113503686604,0.18859400000000001,1.005453934776698,0.18970600000000001,1.0113823565476541
gap,cc,cc.kron-10B,0.195411,0.23564199999999999,1.2058788911576113,0.195769,1.0018320360675703,0.23568,1.2060733530865713
gap,cc,cc.kron-17B,0.14938100000000001,0.18473400000000001,1.2366632972064719,0.14979100000000001,1.0027446596287346,0.18492900000000001,1.2379686841030653
gap,cc,cc.kron-78B,0.15008199999999999,0.185532,1.2362042083660933,0.15055299999999999,1.0031382844045256,0.185701,1.237330259458163
gap,cc,cc.kron-82B,0.140404,0.16489899999999999,1.174460841571465,0.14027999999999999,0.99911683427822562,0.164995,1.1751445827754194
gap,cc,cc.kron-99B,0.193912,0.23499100000000001,1.2118435166467263,0.194304,1.0020215355418953,0.23508100000000001,1.2123076447048147
gap,cc,cc.twitter-10B,0.42236699999999999,0.48016599999999998,1.1368454448382568,0.42343799999999998,1.0025357094659384,0.48028599999999999,1.137129557943684
gap,cc,cc.twitter-15B,0.40464699999999998,0.457756,1.1312477295025047,0.40913300000000002,1.0110862060017745,0.45990399999999998,1.1365560599732607
gap,cc,cc.twitter-16B,0.53454299999999999,0.61038099999999995,1.141874460988171,0.54038200000000003,1.0109233494779655,0.611537,1.1440370559524677
gap,cc,cc.twitter-17B,0.37488500000000002,0.43001600000000001,1.1470610987369458,0.37575399999999998,1.0023180442002213,0.43058600000000002,1.1485815650132707
gap,cc,cc.twitter-25B,0.23113400000000001,0.26043500000000003,1.126770617909957,0.23386100000000001,1.0117983507402633,0.26077699999999998,1.1282502790589009
gap,cc,cc.twitter-69B,0.432639,0.49076700000000001,1.1343568194268201,0.43218600000000001,0.9989529376685875,0.49274400000000002,1.1389264490718591
gap,cc,cc.twitter-78B,0.46251500000000001,0.52200100000000005,1.1286142071067966,0.46944200000000003,1.0149768115628683,0.52415500000000004,1.1332713533615126
gap,cc,cc.twitter-85B,0.47924,0.54088099999999995,1.1286224021367164,0.48492600000000002,1.0118646189800518,0.54278099999999996,1.1325870127702193
gap,cc,cc.urand-353B,0.50051999999999996,0.54996999999999996,1.0987972508591066,0.52116600000000002,1.0412491009350278,0.55332300000000001,1.1054962838647808
gap,cc,cc.web-101B,0.65607499999999996,0.67762900000000004,1.0328529512631941,0.67212400000000005,1.024462142285562,0.69842599999999999,1.0645520710284648
gap,cc,cc.web-13B,1.0562,1.1176900000000001,1.0582181405036926,1.0867199999999999,1.028896042416209,1.1571400000000001,1.0955690210187465
gap,cc,cc.web-34B,0.93959400000000004,0.97793799999999997,1.04080911542645,0.97601300000000002,1.038760358197264,1.02651,1.0925037835490647
gap,cc,cc.web-99B,0.91922599999999999,0.95743400000000001,1.0415654039376607,0.95861300000000005,1.042848004734418,1.00404,1.0922667548568035
gap,pr,pr.kron-349B,0.0237372,0.029031700000000001,1.2230465261277657,0.0237174,0.99916586623527626,0.0290225,1.2226589488229445
gap,pr,pr.kron-90B,0.023577899999999999,0.028642299999999999,1.2147943625174422,0.023532500000000001,0.99807446803998667,0.028648400000000001,1.2150530793666952
gap,pr,pr.twitter-168B,0.033411000000000003,0.039166899999999998,1.172275597856993,0.033419299999999999,1.0002484211786535,0.039154300000000003,1.1718984765496394
gap,pr,pr.twitter-2161B,0.0508107,0.056361399999999999,1.1092427382421419,0.050768199999999999,0.99916356200564049,0.056455100000000001,1.1110868380085297
gap,pr,pr.twitter-2741B,0.032128299999999999,0.0375558,1.1689320630098698,0.032151600000000002,1.0007252173317607,0.037540700000000003,1.1684620723785575
gap,pr,pr.twitter-3197B,0.031530599999999999,0.0369588,1.1721565717112901,0.0315451,1.0004598707287524,0.036974,1.1726386430959133
gap,pr,pr.twitter-833B,0.028177000000000001,0.0328571,1.1660964616531213,0.028183900000000001,1.0002448805763566,0.032860599999999997,1.1662206764382297
gap,pr,pr.urand-2209B,0.021530799999999999,0.0248776,1.1554424359522173,0.021515599999999999,0.99929403459230493,0.0248284,1.1531573373957309
gap,sssp,sssp.kron-246B,0.18216499999999999,0.28854200000000002,1.5839595970685918,0.18227599999999999,1.0006093376883594,0.289746,1.5905689896522384
gap,sssp,sssp.road-66B,0.34956900000000002,0.36826999999999999,1.0534973066833728,0.34951300000000002,0.99983980272850281,0.36852000000000001,1.0542124730739855
gap,sssp,sssp.twitter-1116B,0.29244999999999999,0.30428500000000003,1.04046845614635,0.29067500000000002,0.99393058642503007,0.30466399999999999,1.0417644041716534
gap,sssp,sssp.twitter-792B,0.102714,0.147564,1.4366493369939832,0.102613,0.99901668711178604,0.14766699999999999,1.4376521214245379
gap,sssp,sssp.twitter-900B,0.33305600000000002,0.37766499999999997,1.1339384367794003,0.33549600000000002,1.007326095311299,0.38048199999999999,1.1423964738662566
gap,sssp,sssp.urand-3381B,0.16875899999999999,0.26996700000000001,1.599719126091053,0.16797799999999999,0.99537209867325593,0.27299800000000002,1.6176796496779433
gap,sssp,sssp.urand-3988B,0.175957,0.27375300000000002,1.5557948817040528,0.176727,1.0043760691532591,0.27591500000000002,1.5680819745733334
gap,sssp,sssp.urand-4669B,0.170181,0.25692100000000001,1.5096926213854662,0.17075799999999999,1.0033905077535095,0.25821699999999997,1.5173080426134526
gap,sssp,sssp.urand-4819B,0.16788,0.24992900000000001,1.4887360019061235,0.16824600000000001,1.0021801286633309,0.25143799999999999,1.4977245651655944
gap,sssp,sssp.web-1185B,0.36844100000000002,0.52460899999999999,1.4238616223493041,0.37023699999999998,1.0048745932184528,0.53618600000000005,1.4552832068092314
gap,tc,tc.twitter-34B,0.58890900000000002,0.59630499999999997,1.0125588163875912,0.589897,1.0016776785547512,0.597271,1.0141991377275605
gap,tc,tc.urand-1112B,0.15492500000000001,0.243454,1.5714313377440696,0.15501200000000001,1.0005615620461514,0.243949,1.574626432144586
gap,tc,tc.urand-187B,0.14460899999999999,0.227243,1.5714305471996903,0.14504600000000001,1.0030219419261597,0.22744500000000001,1.5728274173806611
gap,tc,tc.urand-455B,0.115922,0.18085499999999999,1.5601438898569728,0.11594699999999999,1.0002156622556546,0.18085599999999999,1.560152516347199
gap,tc,tc.urand-504B,0.13045899999999999,0.20365,1.5610268360174462,0.13047600000000001,1.0001303091392699,0.20372199999999999,1.5615787335484712
gap,tc,tc.urand-825B,0.073986399999999994,0.101837,1.376428640939416,0.074134699999999998,1.0020044224343934,0.101838,1.3764421569369507
ligra,ligra_BC,ligra_BC.com-lj.ungraph.gcc_6.3.0_O3.drop_26750M.length_250M,0.55940900000000005,0.56624699999999994,1.0122236145646564,0.55912200000000001,0.99948695855804959,0.56644799999999995,1.0125829223341061
ligra,ligra_BFS,ligra_BFS.com-lj.ungraph.gcc_6.3.0_O3.drop_21500M.length_250M,0.62271900000000002,0.63325200000000004,1.0169145312733352,0.62414800000000004,1.0022947750108797,0.63503399999999999,1.0197761751287497
ligra,ligra_BellmanFord,ligra_BellmanFord.com-lj.ungraph.gcc_6.3.0_O3.drop_33750M.length_250M,0.40173300000000001,0.41558200000000001,1.0344731450988591,0.40292699999999998,1.002972123275907,0.41550300000000001,1.0342764970764164
ligra,ligra_CF,ligra_CF.com-lj.ungraph.gcc_6.3.0_O3.drop_184750M.length_250M,1.07325,1.4463900000000001,1.3476729559748428,1.07372,1.0004379221989284,1.4499599999999999,1.3509993011879804
ligra,ligra_Components,ligra_Components.com-lj.ungraph.gcc_6.3.0_O3.drop_22750M.length_250M,0.453374,0.45805299999999999,1.0103203977290272,0.45405000000000001,1.0014910427152859,0.45885700000000001,1.0120937680590418
ligra,ligra_Components-Shortcut,ligra_Components-Shortcut.com-lj.ungraph.gcc_6.3.0_O3.drop_22000M.length_250M,0.467553,0.47050399999999998,1.0063115839273835,0.46678700000000001,0.99836168306053008,0.46968700000000002,1.0045641884449463
ligra,ligra_PageRank,ligra_PageRank.com-lj.ungraph.gcc_6.3.0_O3.drop_21750M.length_250M,0.590144,0.607626,1.0296232783862922,0.59117399999999998,1.001745336731374,0.60936500000000005,1.0325700168094567
ligra,ligra_PageRank,ligra_PageRank.com-lj.ungraph.gcc_6.3.0_O3.drop_60750M.length_250M,0.85189300000000001,0.85836599999999996,1.007598372096026,0.85448500000000005,1.0030426356361657,0.86144900000000002,1.0112173711956784
ligra,ligra_PageRank,ligra_PageRank.com-lj.ungraph.gcc_6.3.0_O3.drop_79500M.length_250M,0.51149,0.52846700000000002,1.0331912647363586,0.51268800000000003,1.0023421767776497,0.52978199999999998,1.0357621849889538
ligra,ligra_PageRankDelta,ligra_PageRankDelta.com-lj.ungraph.gcc_6.3.0_O3.drop_24000M.length_250M,0.64897000000000005,0.65966499999999995,1.016479960552876,0.64880300000000002,0.99974266915265719,0.66162600000000005,1.019501671880056
ligra,ligra_PageRankDelta,ligra_PageRankDelta.com-lj.ungraph.gcc_6.3.0_O3.drop_24500M.length_250M,0.68164800000000003,0.70074800000000004,1.0280203272070043,0.68317399999999995,1.0022386921108841,0.70089599999999996,1.0282374480670375
ligra,ligra_PageRankDelta,ligra_PageRankDelta.com-lj.ungraph.gcc_6.3.0_O3.drop_52000M.length_250M,0.64261599999999997,0.64997799999999994,1.011456297384441,0.64097099999999996,0.99744015088326465,0.65726700000000005,1.022798996601392
ligra,ligra_Radii,ligra_Radii.com-lj.ungraph.gcc_6.3.0_O3.drop_25000M.length_250M,0.278812,0.28834500000000002,1.0341914982138503,0.278781,0.99988881396783491,0.28841800000000001,1.034453323386368
ligra,ligra_Radii,ligra_Radii.com-lj.ungraph.gcc_6.3.0_O3.drop_32000M.length_250M,0.27374900000000002,0.278252,1.0164493751575348,0.276667,1.0106593996690398,0.27838299999999999,1.0169279157184135
ligra,ligra_Radii,ligra_Radii.com-lj.ungraph.gcc_6.3.0_O3.drop_36000M.length_250M,0.27706199999999997,0.28626099999999999,1.0332019547971212,0.27719700000000003,1.0004872555601276,0.28665200000000002,1.0346131912712679
qmm,fp,compute_fp_1_new,0.62531499999999995,0.63401399999999997,1.0139113886601154,0.62568900000000005,1.0005980985583267,0.63698600000000005,1.0186641932466038
qmm,fp,compute_fp_5_new,0.92797099999999999,0.94761700000000004,1.0211709202119463,0.91883999999999999,0.99016025285272924,0.94869800000000004,1.0223358273049481
qmm,fp,compute_fp_7_new,0.45395099999999999,0.46537899999999999,1.0251745232414953,0.45346900000000001,0.99893821139285965,0.46532699999999999,1.0250599734332559
qmm,int,compute_int_14_new,1.7845200000000001,1.86347,1.0442415887745724,1.7713000000000001,0.99259184542622103,1.8835999999999999,1.0555219330688363
qmm,int,compute_int_23_new,0.51675000000000004,0.53825400000000001,1.0416139332365746,0.51322999999999996,0.99318819545234627,0.54128900000000002,1.0474871794871794
qmm,int,compute_int_27_new,0.53737199999999996,0.59075,1.0993315617486583,0.53598199999999996,0.99741333750176786,0.60347600000000001,1.1230134804195233
qmm,int,compute_int_2_new,0.14097899999999999,0.14476900000000001,1.026883436540194,0.14070199999999999,0.998035168358408,0.144756,1.0267912242248847
qmm,int,compute_int_34_new,0.82638900000000004,0.82901199999999997,1.003174049993405,0.82974400000000004,1.0040598313869133,0.83499299999999999,1.0104115616253362
qmm,int,compute_int_37_new,0.37514799999999998,0.39907599999999999,1.06378282704426,0.37520900000000001,1.0001626024928829,0.39965299999999998,1.065320886690053
qmm,int,compute_int_38_new,0.65713900000000003,0.729653,1.1103480389993592,0.65735600000000005,1.0003302193295482,0.73042799999999997,1.1115273937477459
qmm,int,compute_int_45_new,0.19062200000000001,0.19192100000000001,1.0068145334746252,0.190473,0.99921834835433465,0.191472,1.0044590865692311
qmm,srv,srv_0_new,1.61456,1.74516,1.0808889109107125,1.6152,1.0003963928252899,1.74394,1.0801332870875038
qmm,srv,srv_10_new,1.6819599999999999,1.80857,1.0752752740849962,1.6826099999999999,1.0003864538990226,1.8093300000000001,1.0757271278746225
qmm,srv,srv_1_new,1.01037,1.0422,1.0315033106683691,1.0110300000000001,1.000653226045904,1.0410200000000001,1.0303354216772074
qmm,srv,srv_2_new,1.8134600000000001,1.95482,1.0779504372856308,1.81131,0.99881442105147067,1.9575899999999999,1.0794779041169917
qmm,srv,srv_3_new,1.8284,1.95689,1.0702745569897179,1.82769,0.99961168234521991,1.9598199999999999,1.0718770509735287
qmm,srv,srv_4_new,1.8939699999999999,2.02929,1.0714478054034648,1.89486,1.0004699124062155,2.0293399999999999,1.0714742049768475
qmm,srv,srv_5_new,1.91967,2.0568599999999999,1.0714654081170201,1.91927,0.99979163085321954,2.05938,1.0727781337417368
qmm,srv,srv_60_new,1.5604100000000001,1.68445,1.0794919284034323,1.56002,0.99975006568786406,1.68573,1.0803122256330067
qmm,srv,srv_61_new,1.6081099999999999,1.7311099999999999,1.0764873049729184,1.6106499999999999,1.001579493940091,1.7322599999999999,1.0772024301820149
qmm,srv,srv_62_new,1.8115699999999999,1.9475499999999999,1.0750619628278233,1.81145,0.9999337591150218,1.9501200000000001,1.0764806217811071
qmm,srv,srv_63_new,1.81125,1.9500200000000001,1.076615596963423,1.8108,0.99975155279503103,1.94916,1.0761407867494823
qmm,srv,srv_64_new,1.9305699999999999,2.06488,1.0695701269573237,1.9303300000000001,0.99987568438336871,2.0631200000000001,1.068658479102027
qmm,srv,srv_65_new,1.9371799999999999,2.0680900000000002,1.0675776128186334,1.9386300000000001,1.0007485107217708,2.06989,1.068506798542211
qmm,srv,srv_66_new,1.8188500000000001,1.95329,1.0739148362976605,1.81864,0.99988454243065672,1.9555499999999999,1.0751573796629739
qmm,srv,srv_67_new,1.85406,1.9862299999999999,1.0712867976225149,1.85392,0.99992449003807859,1.9882,1.0723493306581233
qmm,srv,srv_68_new,1.7417899999999999,1.8597300000000001,1.0677119514981714,1.74173,0.99996555267856635,1.86364,1.0699567686116007
qmm,srv,srv_69_new,1.5045599999999999,1.6044700000000001,1.0664047960865637,1.50509,1.0003522624554688,1.6006400000000001,1.0638592013611954
qmm,srv,srv_6_new,1.8811,2.01708,1.0722874913614375,1.8810800000000001,0.99998936792302384,2.0199099999999999,1.073791930253575
qmm,srv,srv_7_new,1.6998200000000001,1.84043,1.0827205233495312,1.70001,1.0001117765410454,1.8412500000000001,1.0832029273687802
parsec,canneal,parsec_2.1.canneal.simlarge.prebuilt.drop_1250M.length_250M,0.49899500000000002,0.52224499999999996,1.0465936532430182,0.49895,0.99990981873565865,0.52239999999999998,1.0469042775979718
parsec,canneal,parsec_2.1.canneal.simlarge.prebuilt.drop_3000M.length_250M,0.39221200000000001,0.41883900000000002,1.0678893047637503,0.392121,0.99976798262164335,0.41861900000000002,1.0673283836292617
parsec,canneal,parsec_2.1.canneal.simlarge.prebuilt.drop_4500M.length_250M,0.37695699999999999,0.40488800000000003,1.0740959844226265,0.37710700000000003,1.0003979233705702,0.40500199999999997,1.0743984061842597
parsec,canneal,parsec_2.1.canneal.simlarge.prebuilt.drop_4750M.length_250M,0.29843999999999998,0.325575,1.090922798552473,0.29841400000000001,0.99991288031095038,0.32564500000000002,1.091157351561453
parsec,canneal,parsec_2.1.canneal.simlarge.prebuilt.drop_5000M.length_15M,0.29302,0.31967099999999998,1.0909528359838918,0.29294700000000001,0.99975087024776466,0.31942199999999998,1.0901030646372261
parsec,canneal,parsec_2.1.canneal.simlarge.prebuilt.drop_500M.length_250M,0.66023600000000005,0.67859199999999997,1.0278021798266073,0.66045299999999996,1.0003286703542369,0.67946399999999996,1.0291229196832647
xsbench,xsbench_XL100hash,xs.XL100hash-194B,0.21668399999999999,0.33652399999999999,1.5530634472319138,0.21662300000000001,0.99971848405973684,0.336557,1.5532157427405808
xsbench,xsbench_XL100hash,xs.XL100hash-28B,0.51571800000000001,0.51745600000000003,1.0033700588306012,0.51498699999999997,0.99858255868517287,0.51728200000000002,1.0030326651386998
xsbench,xsbench_XL100nuclide,xs.XL100nuclide-185B,0.154889,0.199602,1.288677698222598,0.154894,1.0000322811820077,0.19972000000000001,1.2894395341179814
xsbench,xsbench_XL100nuclide,xs.XL100nuclide-296B,0.15476699999999999,0.200048,1.2925752905981251,0.154776,1.0000581519316134,0.199873,1.2914445585945324
xsbench,xsbench_XL100nuclide,xs.XL100nuclide-577B,0.15509100000000001,0.20011499999999999,1.2903069810627308,0.15503500000000001,0.99963892166534485,0.200294,1.2914611421681463
xsbench,xsbench_XL100nuclide,xs.XL100nuclide-829B,0.15504399999999999,0.200096,1.2905755785454451,0.15504799999999999,1.0000257991279895,0.20014599999999999,1.2908980676453137
xsbench,xsbench_XL100unionized,xs.XL100unionized-28B,0.51622000000000001,0.51706200000000002,1.0016310875208245,0.51575300000000002,0.99909534694510094,0.51752500000000001,1.0025279919414203
xsbench,xsbench_XL64hash,xs.XL64hash-126B,0.21796299999999999,0.33843299999999998,1.5527084872203081,0.218085,1.000559728027234,0.33838600000000002,1.5524928542917837
xsbench,xsbench_XL64hash,xs.XL64hash-49B,0.414211,0.41637299999999999,1.0052195620106661,0.41407500000000003,0.99967166492439852,0.416543,1.0056299808551681
xsbench,xsbench_XL64nuclide,xs.XL64nuclide-355B,0.15510699999999999,0.19994300000000001,1.2890649680543109,0.15503500000000001,0.99953580431573053,0.19992599999999999,1.2889553662955251
xsbench,xsbench_XL64unionized,xs.XL64unionized-28B,0.51587499999999997,0.51708900000000002,1.0023532832566029,0.515926,1.0000988611582264,0.51771299999999998,1.0035628786043131
xsbench,xsbench_XXL100hash,xs.XXL100hash-552B,0.19691800000000001,0.31078499999999998,1.5782457672736874,0.19690299999999999,0.99992382616114317,0.31074800000000002,1.5780578718045075
xsbench,xsbench_XXL100hash,xs.XXL100hash-563B,0.19731299999999999,0.310923,1.5757856806191179,0.19731599999999999,1.0000152042693589,0.31100299999999997,1.5761911278020202
xsbench,xsbench_XXL100hash,xs.XXL100hash-94B,0.504633,0.50645200000000001,1.0036045997784528,0.50446000000000002,0.99965717660160958,0.50725600000000004,1.0051978368438055
xsbench,xsbench_XXL100nuclide,xs.XXL100nuclide-165B,0.14493400000000001,0.19501199999999999,1.34552278968358,0.14494299999999999,1.0000620972304635,0.19515399999999999,1.3465025459864488
xsbench,xsbench_XXL100nuclide,xs.XXL100nuclide-30B,0.54335599999999995,0.54507099999999997,1.0031563100435075,0.54309399999999997,0.99951781152688113,0.54542400000000002,1.0038059761924043
xsbench,xsbench_XXL100nuclide,xs.XXL100nuclide-324B,0.144679,0.195661,1.3523800966277069,0.144647,0.99977882069961777,0.19551499999999999,1.3513709660697129
xsbench,xsbench_XXL100nuclide,xs.XXL100nuclide-487B,0.144285,0.19461400000000001,1.3488165782998927,0.14427200000000001,0.99990990054406215,0.19486600000000001,1.3505631215996119
xsbench,xsbench_XXL100nuclide,xs.XXL100nuclide-648B,0.14466200000000001,0.19522400000000001,1.3495181872226292,0.14469799999999999,1.0002488559538785,0.19529199999999999,1.3499882484688444
xsbench,xsbench_XXL100nuclide,xs.XXL100nuclide-650B,0.143925,0.19440399999999999,1.3507312836546812,0.143903,0.99984714260899776,0.194353,1.3503769324300852
xsbench,xsbench_XXL100nuclide,xs.XXL100nuclide-861B,0.14454600000000001,0.19531100000000001,1.3512030772210923,0.144534,0.9999169814453529,0.19523699999999999,1.3506911294674357
xsbench,xsbench_XXL100unionized,xs.XXL100unionized-24B,0.33542,0.34223500000000001,1.0203178105062309,0.33500000000000002,0.99874783853079729,0.342308,1.0205354480949258
xsbench,xsbench_XXL64hash,xs.XXL64hash-205B,0.19744999999999999,0.31178299999999998,1.5790478602177767,0.19744300000000001,0.99996454798683221,0.311838,1.5793264117498103
xsbench,xsbench_XXL64hash,xs.XXL64hash-24B,0.334314,0.34255400000000003,1.0246474870929725,0.33446300000000001,1.0004456887835986,0.34248699999999999,1.0244470767003475
xsbench,xsbench_XXL64nuclide,xs.XXL64nuclide-24B,0.334899,0.34247499999999997,1.0226217456606319,0.33506200000000003,1.0004867139047893,0.342306,1.0221171159065867
xsbench,xsbench_XXL64nuclide,xs.XXL64nuclide-531B,0.14439399999999999,0.19503300000000001,1.3507001675969916,0.144425,1.0002146903610953,0.19495299999999999,1.3501461279554552
xsbench,xsbench_XXL64nuclide,xs.XXL64nuclide-566B,0.144678,0.195023,1.3479796513637181,0.14460200000000001,0.99947469553076496,0.195081,1.3483805416165553
xsbench,xsbench_XXL64unionized,xs.XXL64unionized-24B,0.33474700000000002,0.34207100000000001,1.0218792102692482,0.33480700000000002,1.0001792398438223,0.34205200000000002,1.0218224509853711
