dataset,workload,trace_tag,trace_name,instructions,cycles,ipc,stlb_access,stlb_hit,stlb_miss,stlb_mpki,stlb_miss_rate,llc_access,llc_hit,llc_miss,llc_mpki,llc_miss_rate,demand_data_miss,demand_data_miss_rate,demand_instruction_miss,demand_instruction_miss_rate,l1d_prefetch_miss,l1d_prefetch_miss_rate,l1i_prefetch_miss,l1i_prefetch_miss_rate,other_miss,other_miss_rate
spec06,400.perlbench,400.perlbench-41B,400.perlbench-41B.champsimtrace.xz,50000000,25392556,1.9690799999999999,6792,6792,0,0,0,15279,1513,13766,0.27532000000000001,0.90097499999999997,0,0,0,0,0,0,0,0,0,0
spec06,400.perlbench,400.perlbench-50B,400.perlbench-50B.champsimtrace.xz,50000003,24705297,2.02386,4456,4456,0,0,0,8863,189,8674,0.17348,0.97867499999999996,0,0,0,0,0,0,0,0,0,0
spec06,401.bzip2,401.bzip2-226B,401.bzip2-226B.champsimtrace.xz,50000001,23146289,2.1601699999999999,725404,725404,0,0,0,621312,415360,205952,4.11904,0.33147900000000002,0,0,0,0,0,0,0,0,0,0
spec06,401.bzip2,401.bzip2-277B,401.bzip2-277B.champsimtrace.xz,50000005,28064591,1.7816000000000001,9155,9155,0,0,0,202258,118364,83894,1.67788,0.41478700000000002,0,0,0,0,0,0,0,0,0,0
spec06,401.bzip2,401.bzip2-38B,401.bzip2-38B.champsimtrace.xz,50000004,23660417,2.1132300000000002,917,917,0,0,0,53315,34921,18394,0.36787999999999998,0.34500599999999998,0,0,0,0,0,0,0,0,0,0
spec06,401.bzip2,401.bzip2-7B,401.bzip2-7B.champsimtrace.xz,50000003,23250829,2.1504599999999998,118790,118790,0,0,0,428972,396816,32156,0.64312000000000002,0.074960600000000002,0,0,0,0,0,0,0,0,0,0
spec06,403.gcc,403.gcc-16B,403.gcc-16B.champsimtrace.xz,50000000,21672528,2.30707,55275,55275,0,0,0,3596544,3582136,14408,0.28816000000000003,0.0040060699999999996,0,0,0,0,0,0,0,0,0,0
spec06,403.gcc,403.gcc-17B,403.gcc-17B.champsimtrace.xz,50000000,78338529,0.63825600000000005,721346,721346,0,0,0,2648573,349967,2298606,45.972099999999998,0.86786600000000003,0,0,0,0,0,0,0,0,0,0
spec06,403.gcc,403.gcc-48B,403.gcc-48B.champsimtrace.xz,50000002,15109609,3.3091499999999998,9984,9984,0,0,0,21546,4484,17062,0.34123999999999999,0.79188700000000001,0,0,0,0,0,0,0,0,0,0
spec06,410.bwaves,410.bwaves-1963B,410.bwaves-1963B.champsimtrace.xz,50000000,21198126,2.3586999999999998,37938,37938,0,0,0,941637,6020,935617,18.712299999999999,0.99360700000000002,0,0,0,0,0,0,0,0,0,0
spec06,410.bwaves,410.bwaves-2097B,410.bwaves-2097B.champsimtrace.xz,50000004,21010582,2.37975,51660,51660,0,0,0,942028,6107,935921,18.718399999999999,0.99351699999999998,0,0,0,0,0,0,0,0,0,0
spec06,410.bwaves,410.bwaves-945B,410.bwaves-945B.champsimtrace.xz,50000000,13318080,3.7542900000000001,2,2,0,0,0,181,0,181,0.00362,1,0,0,0,0,0,0,0,0,0,0
spec06,416.gamess,416.gamess-875B,416.gamess-875B.champsimtrace.xz,50000004,22218497,2.2503799999999998,396180,396180,0,0,0,1917,337,1580,0.031600000000000003,0.82420400000000005,0,0,0,0,0,0,0,0,0,0
spec06,429.mcf,429.mcf-184B,429.mcf-184B.champsimtrace.xz,50000000,269811378,0.18531500000000001,6593760,6593760,0,0,0,9356435,4268029,5088406,101.768,0.54383999999999999,0,0,0,0,0,0,0,0,0,0
spec06,429.mcf,429.mcf-192B,429.mcf-192B.champsimtrace.xz,50000000,222876801,0.22433900000000001,7431272,7431272,0,0,0,8988131,4810941,4177190,83.543800000000005,0.46474500000000002,0,0,0,0,0,0,0,0,0,0
spec06,429.mcf,429.mcf-217B,429.mcf-217B.champsimtrace.xz,50000002,58644386,0.85259700000000005,107595,107595,0,0,0,2797122,733905,2063217,41.264299999999999,0.73762099999999997,0,0,0,0,0,0,0,0,0,0
spec06,429.mcf,429.mcf-22B,429.mcf-22B.champsimtrace.xz,50000000,56836057,0.87972300000000003,252347,252347,0,0,0,2388959,200865,2188094,43.761899999999997,0.91591900000000004,0,0,0,0,0,0,0,0,0,0
spec06,429.mcf,429.mcf-51B,429.mcf-51B.champsimtrace.xz,50000005,237290606,0.21071200000000001,4170245,4170245,0,0,0,7391150,2258613,5132537,102.651,0.69441699999999995,0,0,0,0,0,0,0,0,0,0
spec06,433.milc,433.milc-127B,433.milc-127B.champsimtrace.xz,50000002,41368963,1.2086399999999999,59808,59808,0,0,0,1210874,93581,1117293,22.3459,0.92271599999999998,0,0,0,0,0,0,0,0,0,0
spec06,433.milc,433.milc-274B,433.milc-274B.champsimtrace.xz,50000005,46067787,1.0853600000000001,74204,74204,0,0,0,1803496,440684,1362812,27.2562,0.75565000000000004,0,0,0,0,0,0,0,0,0,0
spec06,433.milc,433.milc-337B,433.milc-337B.champsimtrace.xz,50000002,38963091,1.2832699999999999,79248,79248,0,0,0,1570226,263857,1306369,26.127400000000002,0.83196199999999998,0,0,0,0,0,0,0,0,0,0
spec06,434.zeusmp,434.zeusmp-10B,434.zeusmp-10B.champsimtrace.xz,50000000,16971012,2.9462000000000002,626728,626728,0,0,0,257214,128715,128499,2.5699800000000002,0.49958000000000002,0,0,0,0,0,0,0,0,0,0
spec06,435.gromacs,435.gromacs-111B,435.gromacs-111B.champsimtrace.xz,50000001,19455023,2.57003,107106,107106,0,0,0,79141,75216,3925,0.0785,0.049595,0,0,0,0,0,0,0,0,0,0
spec06,435.gromacs,435.gromacs-134B,435.gromacs-134B.champsimtrace.xz,50000001,14545212,3.4375599999999999,127253,127253,0,0,0,107585,75066,32519,0.65037999999999996,0.302263,0,0,0,0,0,0,0,0,0,0
spec06,435.gromacs,435.gromacs-226B,435.gromacs-226B.champsimtrace.xz,50000004,14407369,3.47045,19826,19826,0,0,0,261003,133668,127335,2.5467,0.48786800000000002,0,0,0,0,0,0,0,0,0,0
spec06,435.gromacs,435.gromacs-228B,435.gromacs-228B.champsimtrace.xz,50000005,11564915,4.3234199999999996,29931,29931,0,0,0,99260,47707,51553,1.0310600000000001,0.51937299999999997,0,0,0,0,0,0,0,0,0,0
spec06,436.cactusADM,436.cactusADM-1804B,436.cactusADM-1804B.champsimtrace.xz,50000000,22157391,2.25658,1360147,1360147,0,0,0,322816,45113,277703,5.5540599999999998,0.86025200000000002,0,0,0,0,0,0,0,0,0,0
spec06,437.leslie3d,437.leslie3d-134B,437.leslie3d-134B.champsimtrace.xz,50000002,16448579,3.0397799999999999,38253,38253,0,0,0,434850,224426,210424,4.2084799999999998,0.4839,0,0,0,0,0,0,0,0,0,0
spec06,437.leslie3d,437.leslie3d-149B,437.leslie3d-149B.champsimtrace.xz,50000001,18883764,2.64778,17685,17685,0,0,0,593980,229771,364209,7.2841800000000001,0.61316700000000002,0,0,0,0,0,0,0,0,0,0
spec06,437.leslie3d,437.leslie3d-232B,437.leslie3d-232B.champsimtrace.xz,50000004,15417946,3.2429700000000001,13337,13337,0,0,0,466037,144500,321537,6.4307400000000001,0.68993899999999997,0,0,0,0,0,0,0,0,0,0
spec06,437.leslie3d,437.leslie3d-265B,437.leslie3d-265B.champsimtrace.xz,50000005,15199839,3.2895099999999999,13488,13488,0,0,0,329056,23917,305139,6.1027800000000001,0.92731600000000003,0,0,0,0,0,0,0,0,0,0
spec06,437.leslie3d,437.leslie3d-271B,437.leslie3d-271B.champsimtrace.xz,50000004,13527608,3.6961499999999998,5570,5570,0,0,0,490199,64564,425635,8.5127000000000006,0.86829000000000001,0,0,0,0,0,0,0,0,0,0
spec06,437.leslie3d,437.leslie3d-273B,437.leslie3d-273B.champsimtrace.xz,50000001,15063956,3.3191799999999998,4514,4514,0,0,0,418552,21720,396832,7.9366399999999997,0.94810700000000003,0,0,0,0,0,0,0,0,0,0
spec06,444.namd,444.namd-120B,444.namd-120B.champsimtrace.xz,50000000,14848040,3.3674499999999998,5320,5320,0,0,0,9770,1677,8093,0.16186,0.82835199999999998,0,0,0,0,0,0,0,0,0,0
spec06,444.namd,444.namd-166B,444.namd-166B.champsimtrace.xz,50000005,15271102,3.2741600000000002,2408,2408,0,0,0,9251,2490,6761,0.13522000000000001,0.73084000000000005,0,0,0,0,0,0,0,0,0,0
spec06,444.namd,444.namd-23B,444.namd-23B.champsimtrace.xz,50000001,15164216,3.2972399999999999,5164,5164,0,0,0,13426,4993,8433,0.16866,0.62810999999999995,0,0,0,0,0,0,0,0,0,0
spec06,444.namd,444.namd-321B,444.namd-321B.champsimtrace.xz,50000003,15138874,3.3027600000000001,6356,6356,0,0,0,11949,4766,7183,0.14366000000000001,0.60113799999999995,0,0,0,0,0,0,0,0,0,0
spec06,444.namd,444.namd-33B,444.namd-33B.champsimtrace.xz,50000004,13510351,3.7008700000000001,3043,3043,0,0,0,10885,3840,7045,0.1409,0.64722100000000005,0,0,0,0,0,0,0,0,0,0
spec06,444.namd,444.namd-426B,444.namd-426B.champsimtrace.xz,50000004,15333383,3.2608600000000001,6969,6969,0,0,0,14652,6955,7697,0.15393999999999999,0.52532100000000004,0,0,0,0,0,0,0,0,0,0
spec06,444.namd,444.namd-44B,444.namd-44B.champsimtrace.xz,50000000,16895641,2.9593400000000001,3153,3153,0,0,0,4812,529,4283,0.08566,0.89006700000000005,0,0,0,0,0,0,0,0,0,0
spec06,445.gobmk,445.gobmk-17B,445.gobmk-17B.champsimtrace.xz,50000000,36222163,1.3803700000000001,5998,5998,0,0,0,12136,7899,4237,0.084739999999999996,0.34912700000000002,0,0,0,0,0,0,0,0,0,0
spec06,445.gobmk,445.gobmk-2B,445.gobmk-2B.champsimtrace.xz,50000000,40863270,1.22359,72678,72678,0,0,0,306540,277568,28972,0.57943999999999996,0.094513,0,0,0,0,0,0,0,0,0,0
spec06,445.gobmk,445.gobmk-30B,445.gobmk-30B.champsimtrace.xz,50000001,39638285,1.2614099999999999,22821,22821,0,0,0,67323,37276,30047,0.60094000000000003,0.44631100000000001,0,0,0,0,0,0,0,0,0,0
spec06,445.gobmk,445.gobmk-36B,445.gobmk-36B.champsimtrace.xz,50000001,40745875,1.22712,48711,48711,0,0,0,151293,98598,52695,1.0539000000000001,0.348298,0,0,0,0,0,0,0,0,0,0
spec06,447.dealII,447.dealII-3B,447.dealII-3B.champsimtrace.xz,50000000,26858050,1.86164,4743,4743,0,0,0,1896,28,1868,0.037359999999999997,0.985232,0,0,0,0,0,0,0,0,0,0
spec06,450.soplex,450.soplex-247B,450.soplex-247B.champsimtrace.xz,50000000,70601084,0.70820399999999994,267946,267946,0,0,0,3825201,1424697,2400504,48.010100000000001,0.62755000000000005,0,0,0,0,0,0,0,0,0,0
spec06,450.soplex,450.soplex-92B,450.soplex-92B.champsimtrace.xz,50000005,68962138,0.72503600000000001,266317,266317,0,0,0,2932000,1104371,1827629,36.552599999999998,0.62333899999999998,0,0,0,0,0,0,0,0,0,0
spec06,453.povray,453.povray-252B,453.povray-252B.champsimtrace.xz,50000002,26652006,1.8760300000000001,133740,133740,0,0,0,1783,426,1357,0.027140000000000001,0.761077,0,0,0,0,0,0,0,0,0,0
spec06,453.povray,453.povray-576B,453.povray-576B.champsimtrace.xz,50000000,28568375,1.7501899999999999,138677,138677,0,0,0,5947,3425,2522,0.050439999999999999,0.42407899999999998,0,0,0,0,0,0,0,0,0,0
spec06,453.povray,453.povray-800B,453.povray-800B.champsimtrace.xz,50000002,27724907,1.8034300000000001,131955,131955,0,0,0,4024,1226,2798,0.055960000000000003,0.69532799999999995,0,0,0,0,0,0,0,0,0,0
spec06,453.povray,453.povray-887B,453.povray-887B.champsimtrace.xz,50000000,25630340,1.9508099999999999,173538,173538,0,0,0,1503,45,1458,0.029159999999999998,0.97006000000000003,0,0,0,0,0,0,0,0,0,0
spec06,454.calculix,454.calculix-104B,454.calculix-104B.champsimtrace.xz,50000000,16128752,3.10005,63,63,0,0,0,1711,0,1711,0.03422,1,0,0,0,0,0,0,0,0,0,0
spec06,454.calculix,454.calculix-460B,454.calculix-460B.champsimtrace.xz,50000002,11873464,4.2110700000000003,7949,7949,0,0,0,322457,270137,52320,1.0464,0.16225400000000001,0,0,0,0,0,0,0,0,0,0
spec06,456.hmmer,456.hmmer-191B,456.hmmer-191B.champsimtrace.xz,50000005,15761066,3.1723699999999999,3882,3882,0,0,0,272299,183615,88684,1.7736799999999999,0.32568599999999998,0,0,0,0,0,0,0,0,0,0
spec06,456.hmmer,456.hmmer-327B,456.hmmer-327B.champsimtrace.xz,50000002,15658165,3.1932200000000002,3487,3487,0,0,0,274749,243131,31618,0.63236000000000003,0.11508,0,0,0,0,0,0,0,0,0,0
spec06,456.hmmer,456.hmmer-88B,456.hmmer-88B.champsimtrace.xz,50000001,15566382,3.2120500000000001,3482,3482,0,0,0,273773,91126,182647,3.6529400000000001,0.66714799999999996,0,0,0,0,0,0,0,0,0,0
spec06,458.sjeng,458.sjeng-1088B,458.sjeng-1088B.champsimtrace.xz,50000004,38285177,1.30599,101782,101782,0,0,0,52499,16510,35989,0.71977999999999998,0.68551799999999996,0,0,0,0,0,0,0,0,0,0
spec06,458.sjeng,458.sjeng-283B,458.sjeng-283B.champsimtrace.xz,50000003,37404420,1.33674,80302,80302,0,0,0,61658,17704,43954,0.87907999999999997,0.71286799999999995,0,0,0,0,0,0,0,0,0,0
spec06,458.sjeng,458.sjeng-31B,458.sjeng-31B.champsimtrace.xz,50000000,37780367,1.3234399999999999,81498,81498,0,0,0,52611,15882,36729,0.73458000000000001,0.69812399999999997,0,0,0,0,0,0,0,0,0,0
spec06,458.sjeng,458.sjeng-767B,458.sjeng-767B.champsimtrace.xz,50000000,37362335,1.3382499999999999,98838,98838,0,0,0,59601,16084,43517,0.87034,0.73013899999999998,0,0,0,0,0,0,0,0,0,0
spec06,459.GemsFDTD,459.GemsFDTD-1169B,459.GemsFDTD-1169B.champsimtrace.xz,50000004,38053956,1.31392,760787,760787,0,0,0,900046,303364,596682,11.9336,0.66294600000000004,0,0,0,0,0,0,0,0,0,0
spec06,459.GemsFDTD,459.GemsFDTD-1211B,459.GemsFDTD-1211B.champsimtrace.xz,50000002,40456961,1.2358800000000001,398733,398733,0,0,0,1529624,351027,1178597,23.571899999999999,0.77051400000000003,0,0,0,0,0,0,0,0,0,0
spec06,459.GemsFDTD,459.GemsFDTD-1320B,459.GemsFDTD-1320B.champsimtrace.xz,50000000,43251958,1.15602,643112,643112,0,0,0,1068011,310965,757046,15.1409,0.70883700000000005,0,0,0,0,0,0,0,0,0,0
spec06,459.GemsFDTD,459.GemsFDTD-1418B,459.GemsFDTD-1418B.champsimtrace.xz,50000005,27866419,1.79427,290047,290047,0,0,0,539965,166976,372989,7.4597800000000003,0.69076499999999996,0,0,0,0,0,0,0,0,0,0
spec06,459.GemsFDTD,459.GemsFDTD-1491B,459.GemsFDTD-1491B.champsimtrace.xz,50000001,35006135,1.42832,21020,21020,0,0,0,1786732,79730,1707002,34.140000000000001,0.95537700000000003,0,0,0,0,0,0,0,0,0,0
spec06,459.GemsFDTD,459.GemsFDTD-765B,459.GemsFDTD-765B.champsimtrace.xz,50000004,55637777,0.89866999999999997,310646,310646,0,0,0,2338474,341510,1996964,39.939300000000003,0.85396000000000005,0,0,0,0,0,0,0,0,0,0
spec06,462.libquantum,462.libquantum-1343B,462.libquantum-1343B.champsimtrace.xz,50000002,51384983,0.973047,21883,21883,0,0,0,2213632,126616,2087016,41.740299999999998,0.94280200000000003,0,0,0,0,0,0,0,0,0,0
spec06,462.libquantum,462.libquantum-714B,462.libquantum-714B.champsimtrace.xz,50000002,25317575,1.9749099999999999,18529,18529,0,0,0,1338580,65600,1272980,25.459599999999998,0.95099299999999998,0,0,0,0,0,0,0,0,0,0
spec06,464.h264ref,464.h264ref-30B,464.h264ref-30B.champsimtrace.xz,50000001,17527950,2.8525900000000002,13125,13125,0,0,0,110612,67802,42810,0.85619999999999996,0.38702900000000001,0,0,0,0,0,0,0,0,0,0
spec06,464.h264ref,464.h264ref-57B,464.h264ref-57B.champsimtrace.xz,50000005,19356103,2.5831599999999999,17843,17843,0,0,0,143656,84132,59524,1.19048,0.41435100000000002,0,0,0,0,0,0,0,0,0,0
spec06,464.h264ref,464.h264ref-64B,464.h264ref-64B.champsimtrace.xz,50000000,16539364,3.0230899999999998,12259,12259,0,0,0,117721,68199,49522,0.99043999999999999,0.42067300000000002,0,0,0,0,0,0,0,0,0,0
spec06,464.h264ref,464.h264ref-97B,464.h264ref-97B.champsimtrace.xz,50000005,18374005,2.7212399999999999,15813,15813,0,0,0,141344,88011,53333,1.0666599999999999,0.377328,0,0,0,0,0,0,0,0,0,0
spec06,465.tonto,465.tonto-1914B,465.tonto-1914B.champsimtrace.xz,50000001,17678837,2.8282400000000001,11101,11101,0,0,0,36104,30466,5638,0.11276,0.15615999999999999,0,0,0,0,0,0,0,0,0,0
spec06,465.tonto,465.tonto-44B,465.tonto-44B.champsimtrace.xz,50000003,17662782,2.83081,14162,14162,0,0,0,21750,16322,5428,0.10856,0.24956300000000001,0,0,0,0,0,0,0,0,0,0
spec06,470.lbm,470.lbm-1274B,470.lbm-1274B.champsimtrace.xz,50000000,53792822,0.92949199999999998,22262,22262,0,0,0,2490824,164700,2326124,46.522500000000001,0.93387699999999996,0,0,0,0,0,0,0,0,0,0
spec06,471.omnetpp,471.omnetpp-188B,471.omnetpp-188B.champsimtrace.xz,50000005,93464995,0.53495999999999999,1016862,1016862,0,0,0,2446655,507705,1938950,38.779000000000003,0.79249000000000003,0,0,0,0,0,0,0,0,0,0
spec06,473.astar,473.astar-153B,473.astar-153B.champsimtrace.xz,50000004,27646022,1.8085800000000001,140845,140845,0,0,0,263414,208527,54887,1.0977399999999999,0.208368,0,0,0,0,0,0,0,0,0,0
spec06,473.astar,473.astar-359B,473.astar-359B.champsimtrace.xz,50000005,197036609,0.25375999999999999,1674187,1674187,0,0,0,3689791,591538,3098253,61.9651,0.83968299999999996,0,0,0,0,0,0,0,0,0,0
spec06,473.astar,473.astar-42B,473.astar-42B.champsimtrace.xz,50000000,86395079,0.57873699999999995,1186114,1186114,0,0,0,1260440,1002068,258372,5.16744,0.204986,0,0,0,0,0,0,0,0,0,0
spec06,481.wrf,481.wrf-1170B,481.wrf-1170B.champsimtrace.xz,50000000,20044838,2.4944099999999998,78277,78277,0,0,0,37645,11724,25921,0.51841999999999999,0.68856399999999995,0,0,0,0,0,0,0,0,0,0
spec06,481.wrf,481.wrf-1254B,481.wrf-1254B.champsimtrace.xz,50000002,11209499,4.4604999999999997,2976,2976,0,0,0,235026,54088,180938,3.61876,0.76986399999999999,0,0,0,0,0,0,0,0,0,0
spec06,481.wrf,481.wrf-1281B,481.wrf-1281B.champsimtrace.xz,50000004,22777495,2.1951499999999999,10916,10916,0,0,0,1046248,54641,991607,19.832100000000001,0.94777400000000001,0,0,0,0,0,0,0,0,0,0
spec06,481.wrf,481.wrf-196B,481.wrf-196B.champsimtrace.xz,50000000,11376515,4.3950199999999997,3485,3485,0,0,0,247711,27119,220592,4.4118399999999998,0.89052200000000004,0,0,0,0,0,0,0,0,0,0
spec06,481.wrf,481.wrf-455B,481.wrf-455B.champsimtrace.xz,50000004,17283814,2.8928799999999999,5011,5011,0,0,0,359196,24910,334286,6.6857199999999999,0.93065100000000001,0,0,0,0,0,0,0,0,0,0
spec06,481.wrf,481.wrf-816B,481.wrf-816B.champsimtrace.xz,50000000,13838391,3.61314,5848,5848,0,0,0,424826,16956,407870,8.1574000000000009,0.96008700000000002,0,0,0,0,0,0,0,0,0,0
spec06,482.sphinx3,482.sphinx3-1100B,482.sphinx3-1100B.champsimtrace.xz,50000001,19857554,2.5179299999999998,60240,60240,0,0,0,914453,293503,620950,12.419,0.67903999999999998,0,0,0,0,0,0,0,0,0,0
spec06,482.sphinx3,482.sphinx3-1297B,482.sphinx3-1297B.champsimtrace.xz,50000001,24086149,2.0758800000000002,90772,90772,0,0,0,1121064,418503,702561,14.0512,0.626691,0,0,0,0,0,0,0,0,0,0
spec06,482.sphinx3,482.sphinx3-1395B,482.sphinx3-1395B.champsimtrace.xz,50000002,21220323,2.35623,72828,72828,0,0,0,940270,442624,497646,9.9529200000000007,0.52925900000000003,0,0,0,0,0,0,0,0,0,0
spec06,482.sphinx3,482.sphinx3-1522B,482.sphinx3-1522B.champsimtrace.xz,50000000,18359913,2.7233200000000002,61598,61598,0,0,0,829576,372463,457113,9.1422600000000003,0.55101999999999995,0,0,0,0,0,0,0,0,0,0
spec06,482.sphinx3,482.sphinx3-234B,482.sphinx3-234B.champsimtrace.xz,50000004,19302479,2.5903399999999999,70421,70421,0,0,0,799170,187378,611792,12.235799999999999,0.76553400000000005,0,0,0,0,0,0,0,0,0,0
spec06,482.sphinx3,482.sphinx3-417B,482.sphinx3-417B.champsimtrace.xz,50000002,23670405,2.1123400000000001,88445,88445,0,0,0,1108826,375909,732917,14.658300000000001,0.66098500000000004,0,0,0,0,0,0,0,0,0,0
spec06,483.xalancbmk,483.xalancbmk-127B,483.xalancbmk-127B.champsimtrace.xz,50000001,103318312,0.48394100000000001,212206,212206,0,0,0,3063440,295352,2768088,55.361800000000002,0.90358799999999995,0,0,0,0,0,0,0,0,0,0
spec06,483.xalancbmk,483.xalancbmk-716B,483.xalancbmk-716B.champsimtrace.xz,50000001,28143945,1.77658,389362,389362,0,0,0,311574,102486,209088,4.1817599999999997,0.67107000000000006,0,0,0,0,0,0,0,0,0,0
spec06,483.xalancbmk,483.xalancbmk-736B,483.xalancbmk-736B.champsimtrace.xz,50000003,18101901,2.76214,361237,361237,0,0,0,130198,63334,66864,1.33728,0.51355600000000001,0,0,0,0,0,0,0,0,0,0
spec17,600.perlbench_s,600.perlbench_s-1273B,600.perlbench_s-1273B.champsimtrace.xz,50000001,17386659,2.8757700000000002,4137,4137,0,0,0,4298,80,4218,0.084360000000000004,0.98138700000000001,0,0,0,0,0,0,0,0,0,0
spec17,600.perlbench_s,600.perlbench_s-210B,600.perlbench_s-210B.champsimtrace.xz,50000005,18053232,2.76959,30100,30100,0,0,0,3626,51,3575,0.071499999999999994,0.98593500000000001,0,0,0,0,0,0,0,0,0,0
spec17,600.perlbench_s,600.perlbench_s-570B,600.perlbench_s-570B.champsimtrace.xz,50000000,21571784,2.3178399999999999,58886,58886,0,0,0,46941,9849,37092,0.74184000000000005,0.79018299999999997,0,0,0,0,0,0,0,0,0,0
spec17,602.gcc_s,602.gcc_s-1850B,602.gcc_s-1850B.champsimtrace.xz,50000001,34302364,1.45763,16220,16220,0,0,0,905738,3774,901964,18.039300000000001,0.99583299999999997,0,0,0,0,0,0,0,0,0,0
spec17,602.gcc_s,602.gcc_s-2226B,602.gcc_s-2226B.champsimtrace.xz,50000000,91359594,0.547288,68129,68129,0,0,0,3629551,2133,3627418,72.548400000000001,0.99941199999999997,0,0,0,0,0,0,0,0,0,0
spec17,602.gcc_s,602.gcc_s-2375B,602.gcc_s-2375B.champsimtrace.xz,50000003,40851019,1.2239599999999999,222090,222090,0,0,0,456818,370807,86011,1.7202200000000001,0.18828300000000001,0,0,0,0,0,0,0,0,0,0
spec17,602.gcc_s,602.gcc_s-734B,602.gcc_s-734B.champsimtrace.xz,50000000,21060289,2.3741400000000001,15734,15734,0,0,0,438455,45742,392713,7.85426,0.895675,0,0,0,0,0,0,0,0,0,0
spec17,603.bwaves_s,603.bwaves_s-1080B,603.bwaves_s-1080B.champsimtrace.xz,50000001,19921431,2.5098600000000002,27,27,0,0,0,3051,1061,1990,0.039800000000000002,0.65224499999999996,0,0,0,0,0,0,0,0,0,0
spec17,603.bwaves_s,603.bwaves_s-1740B,603.bwaves_s-1740B.champsimtrace.xz,50000002,18935889,2.6404899999999998,70766,70766,0,0,0,974629,5554,969075,19.381499999999999,0.99430099999999999,0,0,0,0,0,0,0,0,0,0
spec17,603.bwaves_s,603.bwaves_s-2609B,603.bwaves_s-2609B.champsimtrace.xz,50000004,18889332,2.6469999999999998,30148,30148,0,0,0,974606,5532,969074,19.381499999999999,0.99432399999999999,0,0,0,0,0,0,0,0,0,0
spec17,603.bwaves_s,603.bwaves_s-2931B,603.bwaves_s-2931B.champsimtrace.xz,50000002,20254700,2.4685600000000001,56237,56237,0,0,0,1030920,306058,724862,14.497199999999999,0.703121,0,0,0,0,0,0,0,0,0,0
spec17,603.bwaves_s,603.bwaves_s-3699B,603.bwaves_s-3699B.champsimtrace.xz,50000003,20030693,2.4961700000000002,503,503,0,0,0,57628,23589,34039,0.68078000000000005,0.59066799999999997,0,0,0,0,0,0,0,0,0,0
spec17,603.bwaves_s,603.bwaves_s-5359B,603.bwaves_s-5359B.champsimtrace.xz,50000003,20245800,2.4696500000000001,36,36,0,0,0,4385,1730,2655,0.053100000000000001,0.60547300000000004,0,0,0,0,0,0,0,0,0,0
spec17,603.bwaves_s,603.bwaves_s-891B,603.bwaves_s-891B.champsimtrace.xz,50000002,30962556,1.6148499999999999,16381,16381,0,0,0,1360274,277169,1083105,21.662099999999999,0.79623999999999995,0,0,0,0,0,0,0,0,0,0
spec17,605.mcf_s,605.mcf_s-1152B,605.mcf_s-1152B.champsimtrace.xz,50000000,130647950,0.38270799999999999,1354307,1354307,0,0,0,4147046,2630735,1516311,30.3262,0.36563600000000002,0,0,0,0,0,0,0,0,0,0
spec17,605.mcf_s,605.mcf_s-1536B,605.mcf_s-1536B.champsimtrace.xz,50000005,74375935,0.672261,1287036,1287036,0,0,0,3886771,2301807,1584964,31.699300000000001,0.40778399999999998,0,0,0,0,0,0,0,0,0,0
spec17,605.mcf_s,605.mcf_s-1554B,605.mcf_s-1554B.champsimtrace.xz,50000002,91874454,0.54422099999999995,196897,196897,0,0,0,11266785,5331363,5935422,118.708,0.52680700000000003,0,0,0,0,0,0,0,0,0,0
spec17,605.mcf_s,605.mcf_s-1644B,605.mcf_s-1644B.champsimtrace.xz,50000003,171185146,0.29208099999999998,1467538,1467538,0,0,0,10302659,5984561,4318098,86.361999999999995,0.41912500000000003,0,0,0,0,0,0,0,0,0,0
spec17,605.mcf_s,605.mcf_s-472B,605.mcf_s-472B.champsimtrace.xz,50000002,70645008,0.70776399999999995,137710,137710,0,0,0,3996544,730677,3265867,65.317300000000003,0.81717300000000004,0,0,0,0,0,0,0,0,0,0
spec17,605.mcf_s,605.mcf_s-484B,605.mcf_s-484B.champsimtrace.xz,50000003,62874857,0.79522999999999999,116894,116894,0,0,0,2327717,145198,2182519,43.650399999999998,0.93762199999999996,0,0,0,0,0,0,0,0,0,0
spec17,605.mcf_s,605.mcf_s-665B,605.mcf_s-665B.champsimtrace.xz,50000000,111102433,0.45003500000000002,920073,920073,0,0,0,2646701,1638252,1008449,20.169,0.381021,0,0,0,0,0,0,0,0,0,0
spec17,605.mcf_s,605.mcf_s-782B,605.mcf_s-782B.champsimtrace.xz,50000001,366638506,0.136374,4455444,4455444,0,0,0,12206544,6917750,5288794,105.776,0.43327500000000002,0,0,0,0,0,0,0,0,0,0
spec17,605.mcf_s,605.mcf_s-994B,605.mcf_s-994B.champsimtrace.xz,50000001,121714273,0.410798,849431,849431,0,0,0,3338947,553009,2785938,55.718800000000002,0.83437600000000001,0,0,0,0,0,0,0,0,0,0
spec17,607.cactuBSSN_s,607.cactuBSSN_s-2421B,607.cactuBSSN_s-2421B.champsimtrace.xz,50000004,20474362,2.4420799999999998,2651315,2651315,0,0,0,680014,414705,265309,5.3061800000000003,0.390152,0,0,0,0,0,0,0,0,0,0
spec17,607.cactuBSSN_s,607.cactuBSSN_s-3477B,607.cactuBSSN_s-3477B.champsimtrace.xz,50000002,20324638,2.46007,1987220,1987220,0,0,0,408380,239065,169315,3.3862999999999999,0.41460200000000003,0,0,0,0,0,0,0,0,0,0
spec17,607.cactuBSSN_s,607.cactuBSSN_s-4004B,607.cactuBSSN_s-4004B.champsimtrace.xz,50000001,20317434,2.4609399999999999,2015019,2015019,0,0,0,396754,233905,162849,3.25698,0.41045300000000001,0,0,0,0,0,0,0,0,0,0
spec17,607.cactuBSSN_s,607.cactuBSSN_s-4248B,607.cactuBSSN_s-4248B.champsimtrace.xz,50000002,16243342,3.0781800000000001,810,810,0,0,0,47421,19,47402,0.94803999999999999,0.99959900000000002,0,0,0,0,0,0,0,0,0,0
spec17,619.lbm_s,619.lbm_s-2676B,619.lbm_s-2676B.champsimtrace.xz,50000004,72991438,0.68501199999999995,56029,56029,0,0,0,3486163,687836,2798327,55.966500000000003,0.80269500000000005,0,0,0,0,0,0,0,0,0,0
spec17,619.lbm_s,619.lbm_s-2677B,619.lbm_s-2677B.champsimtrace.xz,50000004,88718706,0.56357900000000005,68609,68609,0,0,0,4249566,941078,3308488,66.169799999999995,0.77854699999999999,0,0,0,0,0,0,0,0,0,0
spec17,619.lbm_s,619.lbm_s-3766B,619.lbm_s-3766B.champsimtrace.xz,50000000,41188962,1.2139200000000001,31123,31123,0,0,0,1936282,646263,1290019,25.8004,0.66623500000000002,0,0,0,0,0,0,0,0,0,0
spec17,619.lbm_s,619.lbm_s-4268B,619.lbm_s-4268B.champsimtrace.xz,50000003,89214352,0.56044799999999995,68726,68726,0,0,0,4261151,1200269,3060882,61.217599999999997,0.71832300000000004,0,0,0,0,0,0,0,0,0,0
spec17,620.omnetpp_s,620.omnetpp_s-141B,620.omnetpp_s-141B.champsimtrace.xz,50000000,87678414,0.57026600000000005,1078497,1078497,0,0,0,1840952,655024,1185928,23.718599999999999,0.64419300000000002,0,0,0,0,0,0,0,0,0,0
spec17,620.omnetpp_s,620.omnetpp_s-874B,620.omnetpp_s-874B.champsimtrace.xz,50000003,79231551,0.63106200000000001,1004792,1004792,0,0,0,1726449,621637,1104812,22.0962,0.63993299999999997,0,0,0,0,0,0,0,0,0,0
spec17,621.wrf_s,621.wrf_s-575B,621.wrf_s-575B.champsimtrace.xz,50000005,37179219,1.34484,2485,2485,0,0,0,1623,0,1623,0.032460000000000003,1,0,0,0,0,0,0,0,0,0,0
spec17,621.wrf_s,621.wrf_s-6673B,621.wrf_s-6673B.champsimtrace.xz,50000002,31833689,1.5706599999999999,88018,88018,0,0,0,1651785,255141,1396644,27.9329,0.84553599999999995,0,0,0,0,0,0,0,0,0,0
spec17,621.wrf_s,621.wrf_s-8065B,621.wrf_s-8065B.champsimtrace.xz,50000004,16700808,2.9938699999999998,35044,35044,0,0,0,748354,331533,416821,8.3364200000000004,0.55698400000000003,0,0,0,0,0,0,0,0,0,0
spec17,621.wrf_s,621.wrf_s-8100B,621.wrf_s-8100B.champsimtrace.xz,50000000,36523024,1.369,11790,11790,0,0,0,72466,59978,12488,0.24976000000000001,0.17232900000000001,0,0,0,0,0,0,0,0,0,0
spec17,623.xalancbmk_s,623.xalancbmk_s-10B,623.xalancbmk_s-10B.champsimtrace.xz,50000004,76492771,0.65365700000000004,370533,370533,0,0,0,3315665,569272,2746393,54.927900000000001,0.82830800000000004,0,0,0,0,0,0,0,0,0,0
spec17,623.xalancbmk_s,623.xalancbmk_s-165B,623.xalancbmk_s-165B.champsimtrace.xz,50000000,26719115,1.8713200000000001,17960,17960,0,0,0,1032816,750586,282230,5.6445999999999996,0.27326299999999998,0,0,0,0,0,0,0,0,0,0
spec17,623.xalancbmk_s,623.xalancbmk_s-202B,623.xalancbmk_s-202B.champsimtrace.xz,50000000,35535908,1.40703,21983,21983,0,0,0,1317395,643809,673586,13.4717,0.51130100000000001,0,0,0,0,0,0,0,0,0,0
spec17,623.xalancbmk_s,623.xalancbmk_s-325B,623.xalancbmk_s-325B.champsimtrace.xz,50000005,35992962,1.38916,1086843,1086843,0,0,0,326780,210334,116446,2.3289200000000001,0.35634399999999999,0,0,0,0,0,0,0,0,0,0
spec17,623.xalancbmk_s,623.xalancbmk_s-592B,623.xalancbmk_s-592B.champsimtrace.xz,50000001,43706589,1.1439900000000001,1232785,1232785,0,0,0,1457642,1299322,158320,3.1663999999999999,0.108614,0,0,0,0,0,0,0,0,0,0
spec17,623.xalancbmk_s,623.xalancbmk_s-700B,623.xalancbmk_s-700B.champsimtrace.xz,50000000,44367003,1.12696,1450772,1450772,0,0,0,1442133,1327315,114818,2.29636,0.079616800000000001,0,0,0,0,0,0,0,0,0,0
spec17,625.x264_s,625.x264_s-12B,625.x264_s-12B.champsimtrace.xz,50000003,13173095,3.79562,3307,3307,0,0,0,16356,6124,10232,0.20463999999999999,0.62558100000000005,0,0,0,0,0,0,0,0,0,0
spec17,625.x264_s,625.x264_s-18B,625.x264_s-18B.champsimtrace.xz,50000002,13444186,3.7190799999999999,15599,15599,0,0,0,16805,559,16246,0.32491999999999999,0.96673600000000004,0,0,0,0,0,0,0,0,0,0
spec17,625.x264_s,625.x264_s-20B,625.x264_s-20B.champsimtrace.xz,50000004,13664440,3.6591300000000002,186482,186482,0,0,0,101148,20727,80421,1.60842,0.79508199999999996,0,0,0,0,0,0,0,0,0,0
spec17,625.x264_s,625.x264_s-33B,625.x264_s-33B.champsimtrace.xz,50000004,12765513,3.9167999999999998,2194,2194,0,0,0,11606,294,11312,0.22624,0.97466799999999998,0,0,0,0,0,0,0,0,0,0
spec17,625.x264_s,625.x264_s-39B,625.x264_s-39B.champsimtrace.xz,50000002,14684627,3.4049200000000002,54791,54791,0,0,0,57735,24804,32931,0.65861999999999998,0.57038199999999994,0,0,0,0,0,0,0,0,0,0
spec17,627.cam4_s,627.cam4_s-490B,627.cam4_s-490B.champsimtrace.xz,50000004,21594650,2.3153899999999998,15759,15759,0,0,0,953498,624855,328643,6.5728600000000004,0.34467100000000001,0,0,0,0,0,0,0,0,0,0
spec17,627.cam4_s,627.cam4_s-573B,627.cam4_s-573B.champsimtrace.xz,50000000,19648965,2.5446599999999999,38145,38145,0,0,0,44217,29501,14716,0.29432000000000003,0.33281300000000003,0,0,0,0,0,0,0,0,0,0
spec17,628.pop2_s,628.pop2_s-17B,628.pop2_s-17B.champsimtrace.xz,50000000,16720112,2.9904099999999998,45167,45167,0,0,0,716832,539598,177234,3.5446800000000001,0.24724599999999999,0,0,0,0,0,0,0,0,0,0
spec17,631.deepsjeng_s,631.deepsjeng_s-928B,631.deepsjeng_s-928B.champsimtrace.xz,50000001,26381329,1.8952800000000001,14381,14381,0,0,0,36297,11573,24724,0.49447999999999998,0.68115800000000004,0,0,0,0,0,0,0,0,0,0
spec17,638.imagick_s,638.imagick_s-10316B,638.imagick_s-10316B.champsimtrace.xz,50000002,10574592,4.7283200000000001,23444,23444,0,0,0,13624,11646,1978,0.039559999999999998,0.14518500000000001,0,0,0,0,0,0,0,0,0,0
spec17,638.imagick_s,638.imagick_s-4128B,638.imagick_s-4128B.champsimtrace.xz,50000000,12013907,4.1618399999999998,21035,21035,0,0,0,5530,49,5481,0.10962,0.99113899999999999,0,0,0,0,0,0,0,0,0,0
spec17,638.imagick_s,638.imagick_s-824B,638.imagick_s-824B.champsimtrace.xz,50000000,27514969,1.8171900000000001,167,167,0,0,0,17253,6602,10651,0.21301999999999999,0.61734199999999995,0,0,0,0,0,0,0,0,0,0
spec17,641.leela_s,641.leela_s-1052B,641.leela_s-1052B.champsimtrace.xz,50000003,30427785,1.64324,26671,26671,0,0,0,8905,6067,2838,0.056759999999999998,0.31869700000000001,0,0,0,0,0,0,0,0,0,0
spec17,641.leela_s,641.leela_s-1083B,641.leela_s-1083B.champsimtrace.xz,50000001,30486769,1.6400600000000001,24082,24082,0,0,0,14132,8922,5210,0.1042,0.36866700000000002,0,0,0,0,0,0,0,0,0,0
spec17,641.leela_s,641.leela_s-149B,641.leela_s-149B.champsimtrace.xz,50000002,30960662,1.6149500000000001,20828,20828,0,0,0,47129,40513,6616,0.13231999999999999,0.14038100000000001,0,0,0,0,0,0,0,0,0,0
spec17,641.leela_s,641.leela_s-334B,641.leela_s-334B.champsimtrace.xz,50000001,32852414,1.52196,36121,36121,0,0,0,5792,1987,3805,0.076100000000000001,0.656941,0,0,0,0,0,0,0,0,0,0
spec17,641.leela_s,641.leela_s-602B,641.leela_s-602B.champsimtrace.xz,50000001,32320102,1.5470200000000001,41882,41882,0,0,0,5631,1805,3826,0.076520000000000005,0.67945299999999997,0,0,0,0,0,0,0,0,0,0
spec17,641.leela_s,641.leela_s-800B,641.leela_s-800B.champsimtrace.xz,50000000,29759331,1.68015,22338,22338,0,0,0,6881,3701,3180,0.063600000000000004,0.462142,0,0,0,0,0,0,0,0,0,0
spec17,641.leela_s,641.leela_s-862B,641.leela_s-862B.champsimtrace.xz,50000001,29923210,1.6709400000000001,25049,25049,0,0,0,7944,4316,3628,0.072559999999999999,0.45669700000000002,0,0,0,0,0,0,0,0,0,0
spec17,644.nab_s,644.nab_s-12459B,644.nab_s-12459B.champsimtrace.xz,50000002,24748886,2.0202900000000001,11475,11475,0,0,0,146538,138126,8412,0.16824,0.057404900000000002,0,0,0,0,0,0,0,0,0,0
spec17,644.nab_s,644.nab_s-12521B,644.nab_s-12521B.champsimtrace.xz,50000001,19423791,2.57416,6985,6985,0,0,0,41413,3404,38009,0.76017999999999997,0.91780399999999995,0,0,0,0,0,0,0,0,0,0
spec17,644.nab_s,644.nab_s-5853B,644.nab_s-5853B.champsimtrace.xz,50000003,33362729,1.49868,12901,12901,0,0,0,13148,1126,12022,0.24043999999999999,0.91435999999999995,0,0,0,0,0,0,0,0,0,0
spec17,644.nab_s,644.nab_s-7928B,644.nab_s-7928B.champsimtrace.xz,50000002,22401533,2.2319900000000001,17814,17814,0,0,0,40288,13998,26290,0.52580000000000005,0.65255200000000002,0,0,0,0,0,0,0,0,0,0
spec17,644.nab_s,644.nab_s-9322B,644.nab_s-9322B.champsimtrace.xz,50000005,27923934,1.7905800000000001,16407,16407,0,0,0,39232,1994,37238,0.74475999999999998,0.94917399999999996,0,0,0,0,0,0,0,0,0,0
spec17,648.exchange2_s,648.exchange2_s-1227B,648.exchange2_s-1227B.champsimtrace.xz,50000005,20011279,2.4985900000000001,0,0,0,0,0,10,0,10,0.00020000000000000001,1,0,0,0,0,0,0,0,0,0,0
spec17,648.exchange2_s,648.exchange2_s-1247B,648.exchange2_s-1247B.champsimtrace.xz,50000001,18617820,2.6856,35,35,0,0,0,1056,0,1056,0.02112,1,0,0,0,0,0,0,0,0,0,0
spec17,648.exchange2_s,648.exchange2_s-1511B,648.exchange2_s-1511B.champsimtrace.xz,50000005,20023648,2.4970500000000002,0,0,0,0,0,20,0,20,0.00040000000000000002,1,0,0,0,0,0,0,0,0,0,0
spec17,648.exchange2_s,648.exchange2_s-1699B,648.exchange2_s-1699B.champsimtrace.xz,50000004,19450190,2.5706699999999998,35,35,0,0,0,956,0,956,0.019120000000000002,1,0,0,0,0,0,0,0,0,0,0
spec17,648.exchange2_s,648.exchange2_s-1712B,648.exchange2_s-1712B.champsimtrace.xz,50000000,17705848,2.8239299999999998,0,0,0,0,0,0,0,0,0,nan,0,0,0,0,0,0,0,0,0,0
spec17,648.exchange2_s,648.exchange2_s-210B,648.exchange2_s-210B.champsimtrace.xz,50000000,18508984,2.70139,0,0,0,0,0,0,0,0,0,nan,0,0,0,0,0,0,0,0,0,0
spec17,648.exchange2_s,648.exchange2_s-353B,648.exchange2_s-353B.champsimtrace.xz,50000003,18706938,2.6728100000000001,0,0,0,0,0,0,0,0,0,nan,0,0,0,0,0,0,0,0,0,0
spec17,648.exchange2_s,648.exchange2_s-387B,648.exchange2_s-387B.champsimtrace.xz,50000004,21005542,2.3803200000000002,0,0,0,0,0,78,0,78,0.00156,1,0,0,0,0,0,0,0,0,0,0
spec17,648.exchange2_s,648.exchange2_s-584B,648.exchange2_s-584B.champsimtrace.xz,50000003,20378396,2.4535800000000001,34,34,0,0,0,1048,0,1048,0.020959999999999999,1,0,0,0,0,0,0,0,0,0,0
spec17,648.exchange2_s,648.exchange2_s-72B,648.exchange2_s-72B.champsimtrace.xz,50000001,19492729,2.5650599999999999,35,35,0,0,0,1021,0,1021,0.020420000000000001,1,0,0,0,0,0,0,0,0,0,0
spec17,649.fotonik3d_s,649.fotonik3d_s-10881B,649.fotonik3d_s-10881B.champsimtrace.xz,50000005,52433843,0.95358299999999996,248792,248792,0,0,0,2388277,104830,2283447,45.668900000000001,0.95610600000000001,0,0,0,0,0,0,0,0,0,0
spec17,649.fotonik3d_s,649.fotonik3d_s-1176B,649.fotonik3d_s-1176B.champsimtrace.xz,50000000,20694825,2.4160599999999999,11891,11891,0,0,0,936163,441725,494438,9.8887599999999996,0.52815400000000001,0,0,0,0,0,0,0,0,0,0
spec17,649.fotonik3d_s,649.fotonik3d_s-1B,649.fotonik3d_s-1B.champsimtrace.xz,50000000,16475814,3.0347499999999998,216,216,0,0,0,2782,42,2740,0.054800000000000001,0.98490299999999997,0,0,0,0,0,0,0,0,0,0
spec17,649.fotonik3d_s,649.fotonik3d_s-7084B,649.fotonik3d_s-7084B.champsimtrace.xz,50000001,22935210,2.18005,56606,56606,0,0,0,1129932,39940,1089992,21.799800000000001,0.96465299999999998,0,0,0,0,0,0,0,0,0,0
spec17,649.fotonik3d_s,649.fotonik3d_s-8225B,649.fotonik3d_s-8225B.champsimtrace.xz,50000003,20733883,2.4115099999999998,11872,11872,0,0,0,925561,430837,494724,9.8944799999999997,0.53451300000000002,0,0,0,0,0,0,0,0,0,0
spec17,654.roms_s,654.roms_s-1007B,654.roms_s-1007B.champsimtrace.xz,50000000,41645268,1.20062,11438,11438,0,0,0,628083,38795,589288,11.7858,0.93823299999999998,0,0,0,0,0,0,0,0,0,0
spec17,654.roms_s,654.roms_s-1021B,654.roms_s-1021B.champsimtrace.xz,50000001,21484919,2.32721,13667,13667,0,0,0,2300,18,2282,0.04564,0.992174,0,0,0,0,0,0,0,0,0,0
spec17,654.roms_s,654.roms_s-1070B,654.roms_s-1070B.champsimtrace.xz,50000002,28885171,1.73099,24192,24192,0,0,0,1462967,53716,1409251,28.184999999999999,0.963283,0,0,0,0,0,0,0,0,0,0
spec17,654.roms_s,654.roms_s-1390B,654.roms_s-1390B.champsimtrace.xz,50000003,40585061,1.2319800000000001,47549,47549,0,0,0,1978154,93766,1884388,37.687800000000003,0.95259899999999997,0,0,0,0,0,0,0,0,0,0
spec17,654.roms_s,654.roms_s-1613B,654.roms_s-1613B.champsimtrace.xz,50000005,37760523,1.32413,4917,4917,0,0,0,323685,32752,290933,5.8186600000000004,0.89881500000000003,0,0,0,0,0,0,0,0,0,0
spec17,654.roms_s,654.roms_s-293B,654.roms_s-293B.champsimtrace.xz,50000005,14661296,3.4103400000000001,12379,12379,0,0,0,748269,402795,345474,6.9094800000000003,0.461698,0,0,0,0,0,0,0,0,0,0
spec17,654.roms_s,654.roms_s-294B,654.roms_s-294B.champsimtrace.xz,50000003,17688244,2.82674,19937,19937,0,0,0,791251,96768,694483,13.889699999999999,0.87770300000000001,0,0,0,0,0,0,0,0,0,0
spec17,654.roms_s,654.roms_s-523B,654.roms_s-523B.champsimtrace.xz,50000003,36436725,1.3722399999999999,29720,29720,0,0,0,1795997,77605,1718392,34.367800000000003,0.95679000000000003,0,0,0,0,0,0,0,0,0,0
spec17,654.roms_s,654.roms_s-842B,654.roms_s-842B.champsimtrace.xz,50000005,21401017,2.3363399999999999,263,263,0,0,0,12732,2226,10506,0.21012,0.82516500000000004,0,0,0,0,0,0,0,0,0,0
spec17,657.xz_s,657.xz_s-2302B,657.xz_s-2302B.champsimtrace.xz,50000002,38095718,1.3124800000000001,311775,311775,0,0,0,532376,308576,223800,4.476,0.42037999999999998,0,0,0,0,0,0,0,0,0,0
spec17,657.xz_s,657.xz_s-3167B,657.xz_s-3167B.champsimtrace.xz,50000000,29230591,1.7105399999999999,276933,276933,0,0,0,302679,164255,138424,2.7684799999999998,0.45732899999999999,0,0,0,0,0,0,0,0,0,0
spec17,657.xz_s,657.xz_s-4994B,657.xz_s-4994B.champsimtrace.xz,50000000,25052777,1.99579,501,501,0,0,0,12974,3664,9310,0.1862,0.71758900000000003,0,0,0,0,0,0,0,0,0,0
spec17,657.xz_s,657.xz_s-56B,657.xz_s-56B.champsimtrace.xz,50000002,18087360,2.7643599999999999,332,332,0,0,0,20925,0,20925,0.41849999999999998,1,0,0,0,0,0,0,0,0,0,0
gap,gap.bc.twitter-10B,gap.bc.twitter-10B,gap.bc.twitter-10B.champsimtrace.xz,50000000,278150965,0.179758,1849604,1849604,0,0,0,12044639,298530,11746109,234.922,0.97521500000000005,0,0,0,0,0,0,0,0,0,0
gap,gap.bc.web-10B,gap.bc.web-10B,gap.bc.web-10B.champsimtrace.xz,50000001,44695710,1.1186799999999999,280094,280094,0,0,0,975176,290552,684624,13.692500000000001,0.70205200000000001,0,0,0,0,0,0,0,0,0,0
gap,gap.bfs.twitter-10B,gap.bfs.twitter-10B,gap.bfs.twitter-10B.champsimtrace.xz,50000005,27437369,1.82233,27241,27241,0,0,0,304956,12085,292871,5.8574200000000003,0.96037099999999997,0,0,0,0,0,0,0,0,0,0
gap,gap.bfs.web-10B,gap.bfs.web-10B,gap.bfs.web-10B.champsimtrace.xz,50000000,28220131,1.7717799999999999,12348,12348,0,0,0,472040,18217,453823,9.0764600000000009,0.96140800000000004,0,0,0,0,0,0,0,0,0,0
gap,gap.cc.twitter-10B,gap.cc.twitter-10B,gap.cc.twitter-10B.champsimtrace.xz,50000001,64103873,0.77998400000000001,179565,179565,0,0,0,763050,303943,459107,9.1821400000000004,0.60167400000000004,0,0,0,0,0,0,0,0,0,0
gap,gap.cc.web-10B,gap.cc.web-10B,gap.cc.web-10B.champsimtrace.xz,50000001,42996754,1.1628799999999999,54037,54037,0,0,0,2349668,53605,2296063,45.921300000000002,0.977186,0,0,0,0,0,0,0,0,0,0
gap,gap.pr.twitter-10B,gap.pr.twitter-10B,gap.pr.twitter-10B.champsimtrace.xz,50000001,1365016637,0.036629599999999998,7634849,7634849,0,0,0,14761787,1287487,13474300,269.48599999999999,0.91278199999999998,0,0,0,0,0,0,0,0,0,0
gap,gap.pr.web-10B,gap.pr.web-10B,gap.pr.web-10B.champsimtrace.xz,50000001,59486015,0.840534,33315,33315,0,0,0,1255720,35580,1220140,24.402799999999999,0.97166600000000003,0,0,0,0,0,0,0,0,0,0
gap,gap.tc.twitter-10B,gap.tc.twitter-10B,gap.tc.twitter-10B.champsimtrace.xz,50000003,51486991,0.97111899999999995,15070,15070,0,0,0,1489645,283270,1206375,24.127500000000001,0.80984100000000003,0,0,0,0,0,0,0,0,0,0
gap,gap.tc.web-10B,gap.tc.web-10B,gap.tc.web-10B.champsimtrace.xz,50000000,45959025,1.0879300000000001,5436,5436,0,0,0,504179,338148,166031,3.3206199999999999,0.32930999999999999,0,0,0,0,0,0,0,0,0,0
ligra,ligra_BC,ligra_BC.com-lj.ungraph.gcc_6.3.0_O3.drop_11500M.length_250M,ligra_BC.com-lj.ungraph.gcc_6.3.0_O3.drop_11500M.length_250M.champsimtrace.xz,50000002,27980660,1.78695,1014,1014,0,0,0,78343,4763,73580,1.4716,0.93920300000000001,0,0,0,0,0,0,0,0,0,0
ligra,ligra_BC,ligra_BC.com-lj.ungraph.gcc_6.3.0_O3.drop_15500M.length_250M,ligra_BC.com-lj.ungraph.gcc_6.3.0_O3.drop_15500M.length_250M.champsimtrace.xz,50000005,61205383,0.81692200000000004,23900,23900,0,0,0,2856284,1100776,1755508,35.110199999999999,0.61461299999999996,0,0,0,0,0,0,0,0,0,0
ligra,ligra_BC,ligra_BC.com-lj.ungraph.gcc_6.3.0_O3.drop_15750M.length_250M,ligra_BC.com-lj.ungraph.gcc_6.3.0_O3.drop_15750M.length_250M.champsimtrace.xz,50000002,36390834,1.3739699999999999,17699,17699,0,0,0,1758638,392969,1365669,27.313400000000001,0.77654900000000004,0,0,0,0,0,0,0,0,0,0
ligra,ligra_BC,ligra_BC.com-lj.ungraph.gcc_6.3.0_O3.drop_17000M.length_250M,ligra_BC.com-lj.ungraph.gcc_6.3.0_O3.drop_17000M.length_250M.champsimtrace.xz,50000000,31119348,1.6067199999999999,21994,21994,0,0,0,1390901,230570,1160331,23.206600000000002,0.83423000000000003,0,0,0,0,0,0,0,0,0,0
ligra,ligra_BC,ligra_BC.com-lj.ungraph.gcc_6.3.0_O3.drop_26750M.length_250M,ligra_BC.com-lj.ungraph.gcc_6.3.0_O3.drop_26750M.length_250M.champsimtrace.xz,50000001,27438716,1.8222400000000001,3843,3843,0,0,0,357826,44182,313644,6.2728799999999998,0.87652699999999995,0,0,0,0,0,0,0,0,0,0
ligra,ligra_BC,ligra_BC.com-lj.ungraph.gcc_6.3.0_O3.drop_3500M.length_250M,ligra_BC.com-lj.ungraph.gcc_6.3.0_O3.drop_3500M.length_250M.champsimtrace.xz,50000003,20989825,2.3821099999999999,2796,2796,0,0,0,268361,13691,254670,5.0933999999999999,0.94898300000000002,0,0,0,0,0,0,0,0,0,0
ligra,ligra_BC,ligra_BC.com-lj.ungraph.gcc_6.3.0_O3.drop_5000M.length_250M,ligra_BC.com-lj.ungraph.gcc_6.3.0_O3.drop_5000M.length_250M.champsimtrace.xz,50000002,36562780,1.36751,5094,5094,0,0,0,504491,123727,380764,7.6152800000000003,0.754749,0,0,0,0,0,0,0,0,0,0
ligra,ligra_BC,ligra_BC.com-lj.ungraph.gcc_6.3.0_O3.drop_500M.length_250M,ligra_BC.com-lj.ungraph.gcc_6.3.0_O3.drop_500M.length_250M.champsimtrace.xz,50000000,26888813,1.85951,1816,1816,0,0,0,232411,18739,213672,4.2734399999999999,0.91937100000000005,0,0,0,0,0,0,0,0,0,0
ligra,ligra_BFS,ligra_BFS.com-lj.ungraph.gcc_6.3.0_O3.drop_11500M.length_250M,ligra_BFS.com-lj.ungraph.gcc_6.3.0_O3.drop_11500M.length_250M.champsimtrace.xz,50000000,27916166,1.79108,1014,1014,0,0,0,78343,4740,73603,1.4720599999999999,0.93949700000000003,0,0,0,0,0,0,0,0,0,0
ligra,ligra_BFS,ligra_BFS.com-lj.ungraph.gcc_6.3.0_O3.drop_15750M.length_250M,ligra_BFS.com-lj.ungraph.gcc_6.3.0_O3.drop_15750M.length_250M.champsimtrace.xz,50000005,36427255,1.3726,17699,17699,0,0,0,1758641,393255,1365386,27.307700000000001,0.77638700000000005,0,0,0,0,0,0,0,0,0,0
ligra,ligra_BFS,ligra_BFS.com-lj.ungraph.gcc_6.3.0_O3.drop_17000M.length_250M,ligra_BFS.com-lj.ungraph.gcc_6.3.0_O3.drop_17000M.length_250M.champsimtrace.xz,50000005,31294865,1.59771,21892,21892,0,0,0,1388677,108168,1280509,25.610199999999999,0.92210700000000001,0,0,0,0,0,0,0,0,0,0
ligra,ligra_BFS,ligra_BFS.com-lj.ungraph.gcc_6.3.0_O3.drop_20250M.length_250M,ligra_BFS.com-lj.ungraph.gcc_6.3.0_O3.drop_20250M.length_250M.champsimtrace.xz,50000002,135433177,0.36918600000000001,892416,892416,0,0,0,2944889,1160499,1784390,35.687800000000003,0.60592800000000002,0,0,0,0,0,0,0,0,0,0
ligra,ligra_BFS,ligra_BFS.com-lj.ungraph.gcc_6.3.0_O3.drop_21500M.length_250M,ligra_BFS.com-lj.ungraph.gcc_6.3.0_O3.drop_21500M.length_250M.champsimtrace.xz,50000001,34112427,1.46574,59243,59243,0,0,0,1041465,127474,913991,18.279800000000002,0.87760099999999996,0,0,0,0,0,0,0,0,0,0
ligra,ligra_BFS,ligra_BFS.com-lj.ungraph.gcc_6.3.0_O3.drop_3500M.length_250M,ligra_BFS.com-lj.ungraph.gcc_6.3.0_O3.drop_3500M.length_250M.champsimtrace.xz,50000000,20988020,2.3823099999999999,2796,2796,0,0,0,268360,12954,255406,5.1081200000000004,0.95172900000000005,0,0,0,0,0,0,0,0,0,0
ligra,ligra_BFS,ligra_BFS.com-lj.ungraph.gcc_6.3.0_O3.drop_5000M.length_250M,ligra_BFS.com-lj.ungraph.gcc_6.3.0_O3.drop_5000M.length_250M.champsimtrace.xz,50000001,36562487,1.3675200000000001,5094,5094,0,0,0,504490,152817,351673,7.0334599999999998,0.69708599999999998,0,0,0,0,0,0,0,0,0,0
ligra,ligra_BFS,ligra_BFS.com-lj.ungraph.gcc_6.3.0_O3.drop_500M.length_250M,ligra_BFS.com-lj.ungraph.gcc_6.3.0_O3.drop_500M.length_250M.champsimtrace.xz,50000000,26888268,1.85955,1816,1816,0,0,0,232411,17907,214504,4.2900799999999997,0.92295099999999997,0,0,0,0,0,0,0,0,0,0
ligra,ligra_BFS-Bitvector,ligra_BFS-Bitvector.com-lj.ungraph.gcc_6.3.0_O3.drop_18000M.length_250M,ligra_BFS-Bitvector.com-lj.ungraph.gcc_6.3.0_O3.drop_18000M.length_250M.champsimtrace.xz,50000003,25778251,1.9396199999999999,23830,23830,0,0,0,1551746,619170,932576,18.651499999999999,0.60098499999999999,0,0,0,0,0,0,0,0,0,0
ligra,ligra_BFS-Bitvector,ligra_BFS-Bitvector.com-lj.ungraph.gcc_6.3.0_O3.drop_23000M.length_250M,ligra_BFS-Bitvector.com-lj.ungraph.gcc_6.3.0_O3.drop_23000M.length_250M.champsimtrace.xz,50000000,47876488,1.0443499999999999,961731,961731,0,0,0,2124744,1444640,680104,13.6021,0.32008799999999998,0,0,0,0,0,0,0,0,0,0
ligra,ligra_BFS-Bitvector,ligra_BFS-Bitvector.com-lj.ungraph.gcc_6.3.0_O3.drop_2500M.length_250M,ligra_BFS-Bitvector.com-lj.ungraph.gcc_6.3.0_O3.drop_2500M.length_250M.champsimtrace.xz,50000000,22462580,2.2259199999999999,2808,2808,0,0,0,269727,13854,255873,5.1174600000000003,0.94863699999999995,0,0,0,0,0,0,0,0,0,0
ligra,ligra_BFS-Bitvector,ligra_BFS-Bitvector.com-lj.ungraph.gcc_6.3.0_O3.drop_500M.length_250M,ligra_BFS-Bitvector.com-lj.ungraph.gcc_6.3.0_O3.drop_500M.length_250M.champsimtrace.xz,50000001,26887326,1.85961,1816,1816,0,0,0,232411,18657,213754,4.27508,0.91972399999999999,0,0,0,0,0,0,0,0,0,0
ligra,ligra_BFS-Bitvector,ligra_BFS-Bitvector.com-lj.ungraph.gcc_6.3.0_O3.drop_9750M.length_250M,ligra_BFS-Bitvector.com-lj.ungraph.gcc_6.3.0_O3.drop_9750M.length_250M.champsimtrace.xz,50000000,28003915,1.78546,1039,1039,0,0,0,79398,4862,74536,1.49072,0.93876400000000004,0,0,0,0,0,0,0,0,0,0
ligra,ligra_BFSCC,ligra_BFSCC.com-lj.ungraph.gcc_6.3.0_O3.drop_11250M.length_250M,ligra_BFSCC.com-lj.ungraph.gcc_6.3.0_O3.drop_11250M.length_250M.champsimtrace.xz,50000001,28019145,1.7844899999999999,1017,1017,0,0,0,78232,4334,73898,1.4779599999999999,0.94460100000000002,0,0,0,0,0,0,0,0,0,0
ligra,ligra_BFSCC,ligra_BFSCC.com-lj.ungraph.gcc_6.3.0_O3.drop_15500M.length_250M,ligra_BFSCC.com-lj.ungraph.gcc_6.3.0_O3.drop_15500M.length_250M.champsimtrace.xz,50000002,60738812,0.82319699999999996,23901,23901,0,0,0,2856316,935609,1920707,38.414099999999998,0.67244199999999998,0,0,0,0,0,0,0,0,0,0
ligra,ligra_BFSCC,ligra_BFSCC.com-lj.ungraph.gcc_6.3.0_O3.drop_17000M.length_250M,ligra_BFSCC.com-lj.ungraph.gcc_6.3.0_O3.drop_17000M.length_250M.champsimtrace.xz,50000004,31294658,1.59772,21842,21842,0,0,0,1388410,108958,1279452,25.588999999999999,0.92152299999999998,0,0,0,0,0,0,0,0,0,0
ligra,ligra_BFSCC,ligra_BFSCC.com-lj.ungraph.gcc_6.3.0_O3.drop_18750M.length_250M,ligra_BFSCC.com-lj.ungraph.gcc_6.3.0_O3.drop_18750M.length_250M.champsimtrace.xz,50000000,41198867,1.21363,21027,21027,0,0,0,1824269,74246,1750023,35.000500000000002,0.95930099999999996,0,0,0,0,0,0,0,0,0,0
ligra,ligra_BFSCC,ligra_BFSCC.com-lj.ungraph.gcc_6.3.0_O3.drop_22000M.length_250M,ligra_BFSCC.com-lj.ungraph.gcc_6.3.0_O3.drop_22000M.length_250M.champsimtrace.xz,50000002,142507914,0.350858,1246934,1246934,0,0,0,3443063,1765222,1677841,33.556800000000003,0.48731099999999999,0,0,0,0,0,0,0,0,0,0
ligra,ligra_BFSCC,ligra_BFSCC.com-lj.ungraph.gcc_6.3.0_O3.drop_3500M.length_250M,ligra_BFSCC.com-lj.ungraph.gcc_6.3.0_O3.drop_3500M.length_250M.champsimtrace.xz,50000000,20990496,2.3820299999999999,2796,2796,0,0,0,268358,64943,203415,4.0682999999999998,0.75799899999999998,0,0,0,0,0,0,0,0,0,0
ligra,ligra_BFSCC,ligra_BFSCC.com-lj.ungraph.gcc_6.3.0_O3.drop_5000M.length_250M,ligra_BFSCC.com-lj.ungraph.gcc_6.3.0_O3.drop_5000M.length_250M.champsimtrace.xz,50000000,36564601,1.36744,5094,5094,0,0,0,504490,142833,361657,7.2331399999999997,0.71687599999999996,0,0,0,0,0,0,0,0,0,0
ligra,ligra_BFSCC,ligra_BFSCC.com-lj.ungraph.gcc_6.3.0_O3.drop_6750M.length_250M,ligra_BFSCC.com-lj.ungraph.gcc_6.3.0_O3.drop_6750M.length_250M.champsimtrace.xz,50000001,26144628,1.9124399999999999,964,964,0,0,0,73617,4391,69226,1.38452,0.94035299999999999,0,0,0,0,0,0,0,0,0,0
ligra,ligra_BFSCC,ligra_BFSCC.com-lj.ungraph.gcc_6.3.0_O3.drop_750M.length_250M,ligra_BFSCC.com-lj.ungraph.gcc_6.3.0_O3.drop_750M.length_250M.champsimtrace.xz,50000001,26399065,1.89401,1827,1827,0,0,0,233780,18769,215011,4.3002200000000004,0.91971499999999995,0,0,0,0,0,0,0,0,0,0
ligra,ligra_BellmanFord,ligra_BellmanFord.com-lj.ungraph.gcc_6.3.0_O3.drop_14000M.length_250M,ligra_BellmanFord.com-lj.ungraph.gcc_6.3.0_O3.drop_14000M.length_250M.champsimtrace.xz,50000004,28928615,1.7283900000000001,1166,1166,0,0,0,92384,5186,87198,1.74396,0.94386499999999995,0,0,0,0,0,0,0,0,0,0
ligra,ligra_BellmanFord,ligra_BellmanFord.com-lj.ungraph.gcc_6.3.0_O3.drop_1750M.length_250M,ligra_BellmanFord.com-lj.ungraph.gcc_6.3.0_O3.drop_1750M.length_250M.champsimtrace.xz,50000002,25679498,1.9470799999999999,1843,1843,0,0,0,235846,19320,216526,4.3305199999999999,0.91808199999999995,0,0,0,0,0,0,0,0,0,0
ligra,ligra_BellmanFord,ligra_BellmanFord.com-lj.ungraph.gcc_6.3.0_O3.drop_22250M.length_250M,ligra_BellmanFord.com-lj.ungraph.gcc_6.3.0_O3.drop_22250M.length_250M.champsimtrace.xz,50000003,37064680,1.3489899999999999,18029,18029,0,0,0,1786123,399207,1386916,27.738299999999999,0.77649500000000005,0,0,0,0,0,0,0,0,0,0
ligra,ligra_BellmanFord,ligra_BellmanFord.com-lj.ungraph.gcc_6.3.0_O3.drop_24750M.length_250M,ligra_BellmanFord.com-lj.ungraph.gcc_6.3.0_O3.drop_24750M.length_250M.champsimtrace.xz,50000003,33107916,1.5102100000000001,25130,25130,0,0,0,1590904,184281,1406623,28.1325,0.88416600000000001,0,0,0,0,0,0,0,0,0,0
ligra,ligra_BellmanFord,ligra_BellmanFord.com-lj.ungraph.gcc_6.3.0_O3.drop_33750M.length_250M,ligra_BellmanFord.com-lj.ungraph.gcc_6.3.0_O3.drop_33750M.length_250M.champsimtrace.xz,50000001,89000971,0.56179199999999996,1005145,1005145,0,0,0,3086495,600524,2485971,49.7194,0.80543500000000001,0,0,0,0,0,0,0,0,0,0
ligra,ligra_BellmanFord,ligra_BellmanFord.com-lj.ungraph.gcc_6.3.0_O3.drop_4000M.length_250M,ligra_BellmanFord.com-lj.ungraph.gcc_6.3.0_O3.drop_4000M.length_250M.champsimtrace.xz,50000000,21035498,2.3769300000000002,2796,2796,0,0,0,268356,18831,249525,4.9904999999999999,0.92982799999999999,0,0,0,0,0,0,0,0,0,0
ligra,ligra_BellmanFord,ligra_BellmanFord.com-lj.ungraph.gcc_6.3.0_O3.drop_5500M.length_250M,ligra_BellmanFord.com-lj.ungraph.gcc_6.3.0_O3.drop_5500M.length_250M.champsimtrace.xz,50000000,25973294,1.9250499999999999,2970,2970,0,0,0,285108,14434,270674,5.4134799999999998,0.94937400000000005,0,0,0,0,0,0,0,0,0,0
ligra,ligra_BellmanFord,ligra_BellmanFord.com-lj.ungraph.gcc_6.3.0_O3.drop_7500M.length_250M,ligra_BellmanFord.com-lj.ungraph.gcc_6.3.0_O3.drop_7500M.length_250M.champsimtrace.xz,50000000,33887294,1.4754799999999999,4651,4651,0,0,0,445934,103081,342853,6.8570599999999997,0.76884200000000003,0,0,0,0,0,0,0,0,0,0
ligra,ligra_CF,ligra_CF.com-lj.ungraph.gcc_6.3.0_O3.drop_10750M.length_250M,ligra_CF.com-lj.ungraph.gcc_6.3.0_O3.drop_10750M.length_250M.champsimtrace.xz,50000000,28897767,1.73024,1213,1213,0,0,0,95653,4936,90717,1.8143400000000001,0.94839700000000005,0,0,0,0,0,0,0,0,0,0
ligra,ligra_CF,ligra_CF.com-lj.ungraph.gcc_6.3.0_O3.drop_154750M.length_250M,ligra_CF.com-lj.ungraph.gcc_6.3.0_O3.drop_154750M.length_250M.champsimtrace.xz,50000001,37535238,1.3320799999999999,12561,12561,0,0,0,1605108,704221,900887,18.017700000000001,0.56126299999999996,0,0,0,0,0,0,0,0,0,0
ligra,ligra_CF,ligra_CF.com-lj.ungraph.gcc_6.3.0_O3.drop_184750M.length_250M,ligra_CF.com-lj.ungraph.gcc_6.3.0_O3.drop_184750M.length_250M.champsimtrace.xz,50000000,31248906,1.60006,147352,147352,0,0,0,603503,18193,585310,11.706200000000001,0.96985399999999999,0,0,0,0,0,0,0,0,0,0
ligra,ligra_CF,ligra_CF.com-lj.ungraph.gcc_6.3.0_O3.drop_2500M.length_250M,ligra_CF.com-lj.ungraph.gcc_6.3.0_O3.drop_2500M.length_250M.champsimtrace.xz,50000002,26192604,1.9089400000000001,1537,1537,0,0,0,196681,16598,180083,3.6016599999999999,0.91561000000000003,0,0,0,0,0,0,0,0,0,0
ligra,ligra_Components,ligra_Components.com-lj.ungraph.gcc_6.3.0_O3.drop_12500M.length_250M,ligra_Components.com-lj.ungraph.gcc_6.3.0_O3.drop_12500M.length_250M.champsimtrace.xz,50000003,28043334,1.7829600000000001,1007,1007,0,0,0,77700,5009,72691,1.4538199999999999,0.93553399999999998,0,0,0,0,0,0,0,0,0,0
ligra,ligra_Components,ligra_Components.com-lj.ungraph.gcc_6.3.0_O3.drop_15750M.length_250M,ligra_Components.com-lj.ungraph.gcc_6.3.0_O3.drop_15750M.length_250M.champsimtrace.xz,50000005,36240816,1.3796600000000001,17699,17699,0,0,0,1758536,135058,1623478,32.4696,0.92319899999999999,0,0,0,0,0,0,0,0,0,0
ligra,ligra_Components,ligra_Components.com-lj.ungraph.gcc_6.3.0_O3.drop_18000M.length_250M,ligra_Components.com-lj.ungraph.gcc_6.3.0_O3.drop_18000M.length_250M.champsimtrace.xz,50000000,26016458,1.9218599999999999,23695,23695,0,0,0,1548183,619980,928203,18.5641,0.59954300000000005,0,0,0,0,0,0,0,0,0,0
ligra,ligra_Components,ligra_Components.com-lj.ungraph.gcc_6.3.0_O3.drop_22750M.length_250M,ligra_Components.com-lj.ungraph.gcc_6.3.0_O3.drop_22750M.length_250M.champsimtrace.xz,50000002,88576681,0.56448299999999996,3459754,3459754,0,0,0,5418649,3026939,2391710,47.834200000000003,0.44138500000000003,0,0,0,0,0,0,0,0,0,0
ligra,ligra_Components,ligra_Components.com-lj.ungraph.gcc_6.3.0_O3.drop_23750M.length_250M,ligra_Components.com-lj.ungraph.gcc_6.3.0_O3.drop_23750M.length_250M.champsimtrace.xz,50000004,18371476,2.7216100000000001,8568,8568,0,0,0,773539,165922,607617,12.1523,0.78550299999999995,0,0,0,0,0,0,0,0,0,0
ligra,ligra_Components,ligra_Components.com-lj.ungraph.gcc_6.3.0_O3.drop_3500M.length_250M,ligra_Components.com-lj.ungraph.gcc_6.3.0_O3.drop_3500M.length_250M.champsimtrace.xz,50000004,20993526,2.3816899999999999,2796,2796,0,0,0,268358,20150,248208,4.9641599999999997,0.92491400000000001,0,0,0,0,0,0,0,0,0,0
ligra,ligra_Components,ligra_Components.com-lj.ungraph.gcc_6.3.0_O3.drop_5000M.length_250M,ligra_Components.com-lj.ungraph.gcc_6.3.0_O3.drop_5000M.length_250M.champsimtrace.xz,50000000,36564772,1.36744,5094,5094,0,0,0,504490,142863,361627,7.2325400000000002,0.71681700000000004,0,0,0,0,0,0,0,0,0,0
ligra,ligra_Components,ligra_Components.com-lj.ungraph.gcc_6.3.0_O3.drop_6250M.length_250M,ligra_Components.com-lj.ungraph.gcc_6.3.0_O3.drop_6250M.length_250M.champsimtrace.xz,50000001,106767629,0.46830699999999997,55804,55804,0,0,0,5357197,622257,4734940,94.698800000000006,0.88384700000000005,0,0,0,0,0,0,0,0,0,0
ligra,ligra_Components,ligra_Components.com-lj.ungraph.gcc_6.3.0_O3.drop_750M.length_250M,ligra_Components.com-lj.ungraph.gcc_6.3.0_O3.drop_750M.length_250M.champsimtrace.xz,50000002,26404175,1.89364,1827,1827,0,0,0,233780,91938,141842,2.83684,0.60673299999999997,0,0,0,0,0,0,0,0,0,0
ligra,ligra_Components-Shortcut,ligra_Components-Shortcut.com-lj.ungraph.gcc_6.3.0_O3.drop_11500M.length_250M,ligra_Components-Shortcut.com-lj.ungraph.gcc_6.3.0_O3.drop_11500M.length_250M.champsimtrace.xz,50000000,27808782,1.79799,1014,1014,0,0,0,78344,4752,73592,1.47184,0.93934399999999996,0,0,0,0,0,0,0,0,0,0
ligra,ligra_Components-Shortcut,ligra_Components-Shortcut.com-lj.ungraph.gcc_6.3.0_O3.drop_17000M.length_250M,ligra_Components-Shortcut.com-lj.ungraph.gcc_6.3.0_O3.drop_17000M.length_250M.champsimtrace.xz,50000002,31306298,1.5971200000000001,21861,21861,0,0,0,1393577,109690,1283887,25.677700000000002,0.92128900000000002,0,0,0,0,0,0,0,0,0,0
ligra,ligra_Components-Shortcut,ligra_Components-Shortcut.com-lj.ungraph.gcc_6.3.0_O3.drop_21000M.length_250M,ligra_Components-Shortcut.com-lj.ungraph.gcc_6.3.0_O3.drop_21000M.length_250M.champsimtrace.xz,50000001,11770964,4.2477400000000003,3284,3284,0,0,0,254494,25499,228995,4.5799000000000003,0.89980499999999997,0,0,0,0,0,0,0,0,0,0
ligra,ligra_Components-Shortcut,ligra_Components-Shortcut.com-lj.ungraph.gcc_6.3.0_O3.drop_22000M.length_250M,ligra_Components-Shortcut.com-lj.ungraph.gcc_6.3.0_O3.drop_22000M.length_250M.champsimtrace.xz,50000000,82275569,0.60771399999999998,3784607,3784607,0,0,0,5766718,3730660,2036058,40.721200000000003,0.35306999999999999,0,0,0,0,0,0,0,0,0,0
ligra,ligra_Components-Shortcut,ligra_Components-Shortcut.com-lj.ungraph.gcc_6.3.0_O3.drop_3500M.length_250M,ligra_Components-Shortcut.com-lj.ungraph.gcc_6.3.0_O3.drop_3500M.length_250M.champsimtrace.xz,50000000,20988223,2.3822899999999998,2796,2796,0,0,0,268358,64958,203400,4.0679999999999996,0.75794300000000003,0,0,0,0,0,0,0,0,0,0
ligra,ligra_Components-Shortcut,ligra_Components-Shortcut.com-lj.ungraph.gcc_6.3.0_O3.drop_5000M.length_250M,ligra_Components-Shortcut.com-lj.ungraph.gcc_6.3.0_O3.drop_5000M.length_250M.champsimtrace.xz,50000000,36563044,1.3674999999999999,5094,5094,0,0,0,504490,142836,361654,7.2330800000000002,0.71687100000000004,0,0,0,0,0,0,0,0,0,0
ligra,ligra_Components-Shortcut,ligra_Components-Shortcut.com-lj.ungraph.gcc_6.3.0_O3.drop_750M.length_250M,ligra_Components-Shortcut.com-lj.ungraph.gcc_6.3.0_O3.drop_750M.length_250M.champsimtrace.xz,50000001,26401105,1.8938600000000001,1827,1827,0,0,0,233780,17947,215833,4.3166599999999997,0.92323100000000002,0,0,0,0,0,0,0,0,0,0
ligra,ligra_MIS,ligra_MIS.com-lj.ungraph.gcc_6.3.0_O3.drop_11000M.length_250M,ligra_MIS.com-lj.ungraph.gcc_6.3.0_O3.drop_11000M.length_250M.champsimtrace.xz,50000000,28080903,1.78057,1020,1020,0,0,0,78784,4434,74350,1.4870000000000001,0.94372,0,0,0,0,0,0,0,0,0,0
ligra,ligra_MIS,ligra_MIS.com-lj.ungraph.gcc_6.3.0_O3.drop_15750M.length_250M,ligra_MIS.com-lj.ungraph.gcc_6.3.0_O3.drop_15750M.length_250M.champsimtrace.xz,50000002,36230017,1.3800699999999999,17699,17699,0,0,0,1758528,134782,1623746,32.474899999999998,0.92335500000000004,0,0,0,0,0,0,0,0,0,0
ligra,ligra_MIS,ligra_MIS.com-lj.ungraph.gcc_6.3.0_O3.drop_17000M.length_250M,ligra_MIS.com-lj.ungraph.gcc_6.3.0_O3.drop_17000M.length_250M.champsimtrace.xz,50000004,31255752,1.59971,22005,22005,0,0,0,1389651,110270,1279381,25.587599999999998,0.92064900000000005,0,0,0,0,0,0,0,0,0,0
ligra,ligra_MIS,ligra_MIS.com-lj.ungraph.gcc_6.3.0_O3.drop_21250M.length_250M,ligra_MIS.com-lj.ungraph.gcc_6.3.0_O3.drop_21250M.length_250M.champsimtrace.xz,50000001,49717224,1.00569,23754,23754,0,0,0,2077922,92651,1985271,39.705399999999997,0.95541200000000004,0,0,0,0,0,0,0,0,0,0
ligra,ligra_MIS,ligra_MIS.com-lj.ungraph.gcc_6.3.0_O3.drop_3500M.length_250M,ligra_MIS.com-lj.ungraph.gcc_6.3.0_O3.drop_3500M.length_250M.champsimtrace.xz,50000000,20988537,2.38225,2796,2796,0,0,0,268347,64954,203393,4.0678599999999996,0.75794799999999996,0,0,0,0,0,0,0,0,0,0
ligra,ligra_MIS,ligra_MIS.com-lj.ungraph.gcc_6.3.0_O3.drop_5000M.length_250M,ligra_MIS.com-lj.ungraph.gcc_6.3.0_O3.drop_5000M.length_250M.champsimtrace.xz,50000000,36561275,1.36757,5094,5094,0,0,0,504490,142832,361658,7.2331599999999998,0.71687800000000002,0,0,0,0,0,0,0,0,0,0
ligra,ligra_MIS,ligra_MIS.com-lj.ungraph.gcc_6.3.0_O3.drop_750M.length_250M,ligra_MIS.com-lj.ungraph.gcc_6.3.0_O3.drop_750M.length_250M.champsimtrace.xz,50000001,26401105,1.8938600000000001,1827,1827,0,0,0,233780,17947,215833,4.3166599999999997,0.92323100000000002,0,0,0,0,0,0,0,0,0,0
ligra,ligra_PageRank,ligra_PageRank.com-lj.ungraph.gcc_6.3.0_O3.drop_10750M.length_250M,ligra_PageRank.com-lj.ungraph.gcc_6.3.0_O3.drop_10750M.length_250M.champsimtrace.xz,50000002,28089335,1.7800400000000001,1036,1036,0,0,0,79691,5194,74497,1.48994,0.93482299999999996,0,0,0,0,0,0,0,0,0,0
ligra,ligra_PageRank,ligra_PageRank.com-lj.ungraph.gcc_6.3.0_O3.drop_18500M.length_250M,ligra_PageRank.com-lj.ungraph.gcc_6.3.0_O3.drop_18500M.length_250M.champsimtrace.xz,50000000,19084604,2.61991,17127,17127,0,0,0,1418134,1086957,331177,6.6235400000000002,0.23352999999999999,0,0,0,0,0,0,0,0,0,0
ligra,ligra_PageRank,ligra_PageRank.com-lj.ungraph.gcc_6.3.0_O3.drop_21750M.length_250M,ligra_PageRank.com-lj.ungraph.gcc_6.3.0_O3.drop_21750M.length_250M.champsimtrace.xz,50000004,83981184,0.59537200000000001,4003781,4003781,0,0,0,6628597,2017461,4611136,92.222700000000003,0.69564300000000001,0,0,0,0,0,0,0,0,0,0
ligra,ligra_PageRank,ligra_PageRank.com-lj.ungraph.gcc_6.3.0_O3.drop_5000M.length_250M,ligra_PageRank.com-lj.ungraph.gcc_6.3.0_O3.drop_5000M.length_250M.champsimtrace.xz,50000000,36562669,1.3675200000000001,5094,5094,0,0,0,504490,97560,406930,8.1386000000000003,0.80661700000000003,0,0,0,0,0,0,0,0,0,0
ligra,ligra_PageRank,ligra_PageRank.com-lj.ungraph.gcc_6.3.0_O3.drop_500M.length_250M,ligra_PageRank.com-lj.ungraph.gcc_6.3.0_O3.drop_500M.length_250M.champsimtrace.xz,50000001,26887086,1.8596299999999999,1816,1816,0,0,0,232411,18665,213746,4.2749199999999998,0.91969000000000001,0,0,0,0,0,0,0,0,0,0
ligra,ligra_PageRank,ligra_PageRank.com-lj.ungraph.gcc_6.3.0_O3.drop_51000M.length_250M,ligra_PageRank.com-lj.ungraph.gcc_6.3.0_O3.drop_51000M.length_250M.champsimtrace.xz,50000000,42348793,1.1806700000000001,119857,119857,0,0,0,1579804,124757,1455047,29.100899999999999,0.92103000000000002,0,0,0,0,0,0,0,0,0,0
ligra,ligra_PageRank,ligra_PageRank.com-lj.ungraph.gcc_6.3.0_O3.drop_60750M.length_250M,ligra_PageRank.com-lj.ungraph.gcc_6.3.0_O3.drop_60750M.length_250M.champsimtrace.xz,50000000,98066364,0.50985899999999995,1767623,1767623,0,0,0,4637554,506378,4131176,82.623500000000007,0.89080899999999996,0,0,0,0,0,0,0,0,0,0
ligra,ligra_PageRank,ligra_PageRank.com-lj.ungraph.gcc_6.3.0_O3.drop_79500M.length_250M,ligra_PageRank.com-lj.ungraph.gcc_6.3.0_O3.drop_79500M.length_250M.champsimtrace.xz,50000005,93581542,0.53429300000000002,3313466,3313466,0,0,0,6028100,1114830,4913270,98.2654,0.81506100000000004,0,0,0,0,0,0,0,0,0,0
ligra,ligra_PageRankDelta,ligra_PageRankDelta.com-lj.ungraph.gcc_6.3.0_O3.drop_11750M.length_250M,ligra_PageRankDelta.com-lj.ungraph.gcc_6.3.0_O3.drop_11750M.length_250M.champsimtrace.xz,50000002,28074816,1.7809600000000001,1794,1794,0,0,0,78071,4337,73734,1.47468,0.94444799999999995,0,0,0,0,0,0,0,0,0,0
ligra,ligra_PageRankDelta,ligra_PageRankDelta.com-lj.ungraph.gcc_6.3.0_O3.drop_1250M.length_250M,ligra_PageRankDelta.com-lj.ungraph.gcc_6.3.0_O3.drop_1250M.length_250M.champsimtrace.xz,50000002,26092668,1.91625,1833,1833,0,0,0,234653,18926,215727,4.31454,0.91934499999999997,0,0,0,0,0,0,0,0,0,0
ligra,ligra_PageRankDelta,ligra_PageRankDelta.com-lj.ungraph.gcc_6.3.0_O3.drop_17000M.length_250M,ligra_PageRankDelta.com-lj.ungraph.gcc_6.3.0_O3.drop_17000M.length_250M.champsimtrace.xz,50000004,31304002,1.59724,21983,21983,0,0,0,1389924,109966,1279958,25.5992,0.92088300000000001,0,0,0,0,0,0,0,0,0,0
ligra,ligra_PageRankDelta,ligra_PageRankDelta.com-lj.ungraph.gcc_6.3.0_O3.drop_24000M.length_250M,ligra_PageRankDelta.com-lj.ungraph.gcc_6.3.0_O3.drop_24000M.length_250M.champsimtrace.xz,50000005,34689614,1.4413499999999999,15680,15680,0,0,0,1539686,83563,1456123,29.122499999999999,0.94572699999999998,0,0,0,0,0,0,0,0,0,0
ligra,ligra_PageRankDelta,ligra_PageRankDelta.com-lj.ungraph.gcc_6.3.0_O3.drop_24500M.length_250M,ligra_PageRankDelta.com-lj.ungraph.gcc_6.3.0_O3.drop_24500M.length_250M.champsimtrace.xz,50000000,70536063,0.70885699999999996,833864,833864,0,0,0,2829073,696740,2132333,42.646700000000003,0.75372099999999997,0,0,0,0,0,0,0,0,0,0
ligra,ligra_PageRankDelta,ligra_PageRankDelta.com-lj.ungraph.gcc_6.3.0_O3.drop_3500M.length_250M,ligra_PageRankDelta.com-lj.ungraph.gcc_6.3.0_O3.drop_3500M.length_250M.champsimtrace.xz,50000004,20989946,2.3820899999999998,2796,2796,0,0,0,268316,13697,254619,5.0923800000000004,0.94895200000000002,0,0,0,0,0,0,0,0,0,0
ligra,ligra_PageRankDelta,ligra_PageRankDelta.com-lj.ungraph.gcc_6.3.0_O3.drop_35250M.length_250M,ligra_PageRankDelta.com-lj.ungraph.gcc_6.3.0_O3.drop_35250M.length_250M.champsimtrace.xz,50000003,29283833,1.70743,11456,11456,0,0,0,1179909,346378,833531,16.6706,0.70643699999999998,0,0,0,0,0,0,0,0,0,0
ligra,ligra_PageRankDelta,ligra_PageRankDelta.com-lj.ungraph.gcc_6.3.0_O3.drop_52000M.length_250M,ligra_PageRankDelta.com-lj.ungraph.gcc_6.3.0_O3.drop_52000M.length_250M.champsimtrace.xz,50000000,82542359,0.60575000000000001,385157,385157,0,0,0,1921804,348712,1573092,31.4618,0.81855,0,0,0,0,0,0,0,0,0,0
ligra,ligra_PageRankDelta,ligra_PageRankDelta.com-lj.ungraph.gcc_6.3.0_O3.drop_56500M.length_208M,ligra_PageRankDelta.com-lj.ungraph.gcc_6.3.0_O3.drop_56500M.length_208M.champsimtrace.xz,50000002,18380341,2.7202999999999999,4567,4567,0,0,0,449755,34370,415385,8.3077000000000005,0.92358099999999999,0,0,0,0,0,0,0,0,0,0
ligra,ligra_PageRankDelta,ligra_PageRankDelta.com-lj.ungraph.gcc_6.3.0_O3.drop_6000M.length_250M,ligra_PageRankDelta.com-lj.ungraph.gcc_6.3.0_O3.drop_6000M.length_250M.champsimtrace.xz,50000002,33910178,1.47448,4652,4652,0,0,0,446600,97498,349102,6.9820399999999996,0.78168800000000005,0,0,0,0,0,0,0,0,0,0
ligra,ligra_Radii,ligra_Radii.com-lj.ungraph.gcc_6.3.0_O3.drop_12500M.length_250M,ligra_Radii.com-lj.ungraph.gcc_6.3.0_O3.drop_12500M.length_250M.champsimtrace.xz,50000000,28071739,1.78115,1007,1007,0,0,0,77700,5029,72671,1.4534199999999999,0.93527700000000003,0,0,0,0,0,0,0,0,0,0
ligra,ligra_Radii,ligra_Radii.com-lj.ungraph.gcc_6.3.0_O3.drop_18000M.length_250M,ligra_Radii.com-lj.ungraph.gcc_6.3.0_O3.drop_18000M.length_250M.champsimtrace.xz,50000000,26016201,1.92188,23699,23699,0,0,0,1547376,616116,931260,18.6252,0.60183200000000003,0,0,0,0,0,0,0,0,0,0
ligra,ligra_Radii,ligra_Radii.com-lj.ungraph.gcc_6.3.0_O3.drop_24500M.length_250M,ligra_Radii.com-lj.ungraph.gcc_6.3.0_O3.drop_24500M.length_250M.champsimtrace.xz,50000001,41250665,1.2121,28675,28675,0,0,0,1616945,42884,1574061,31.481200000000001,0.97347799999999995,0,0,0,0,0,0,0,0,0,0
ligra,ligra_Radii,ligra_Radii.com-lj.ungraph.gcc_6.3.0_O3.drop_25000M.length_250M,ligra_Radii.com-lj.ungraph.gcc_6.3.0_O3.drop_25000M.length_250M.champsimtrace.xz,50000004,158051367,0.316353,1191656,1191656,0,0,0,4399691,321187,4078504,81.570099999999996,0.92699799999999999,0,0,0,0,0,0,0,0,0,0
ligra,ligra_Radii,ligra_Radii.com-lj.ungraph.gcc_6.3.0_O3.drop_32000M.length_250M,ligra_Radii.com-lj.ungraph.gcc_6.3.0_O3.drop_32000M.length_250M.champsimtrace.xz,50000000,95802959,0.52190499999999995,2165275,2165275,0,0,0,2805718,1872034,933684,18.6737,0.33277899999999999,0,0,0,0,0,0,0,0,0,0
ligra,ligra_Radii,ligra_Radii.com-lj.ungraph.gcc_6.3.0_O3.drop_3500M.length_250M,ligra_Radii.com-lj.ungraph.gcc_6.3.0_O3.drop_3500M.length_250M.champsimtrace.xz,50000000,20994831,2.3815400000000002,2796,2796,0,0,0,268358,20115,248243,4.9648599999999998,0.92504399999999998,0,0,0,0,0,0,0,0,0,0
ligra,ligra_Radii,ligra_Radii.com-lj.ungraph.gcc_6.3.0_O3.drop_36000M.length_250M,ligra_Radii.com-lj.ungraph.gcc_6.3.0_O3.drop_36000M.length_250M.champsimtrace.xz,50000000,145134927,0.34450700000000001,1872269,1872269,0,0,0,4164234,2236120,1928114,38.5623,0.46301799999999999,0,0,0,0,0,0,0,0,0,0
ligra,ligra_Radii,ligra_Radii.com-lj.ungraph.gcc_6.3.0_O3.drop_5000M.length_250M,ligra_Radii.com-lj.ungraph.gcc_6.3.0_O3.drop_5000M.length_250M.champsimtrace.xz,50000000,36559666,1.3676299999999999,5094,5094,0,0,0,504490,142880,361610,7.2321999999999997,0.71678299999999995,0,0,0,0,0,0,0,0,0,0
ligra,ligra_Radii,ligra_Radii.com-lj.ungraph.gcc_6.3.0_O3.drop_750M.length_250M,ligra_Radii.com-lj.ungraph.gcc_6.3.0_O3.drop_750M.length_250M.champsimtrace.xz,50000001,26403985,1.8936500000000001,1827,1827,0,0,0,233780,91939,141841,2.8368199999999999,0.60672899999999996,0,0,0,0,0,0,0,0,0,0
ligra,ligra_Triangle,ligra_Triangle.com-lj.ungraph.gcc_6.3.0_O3.drop_10250M.length_250M,ligra_Triangle.com-lj.ungraph.gcc_6.3.0_O3.drop_10250M.length_250M.champsimtrace.xz,50000001,27795004,1.79888,1033,1033,0,0,0,78927,4872,74055,1.4811000000000001,0.93827199999999999,0,0,0,0,0,0,0,0,0,0
ligra,ligra_Triangle,ligra_Triangle.com-lj.ungraph.gcc_6.3.0_O3.drop_18000M.length_250M,ligra_Triangle.com-lj.ungraph.gcc_6.3.0_O3.drop_18000M.length_250M.champsimtrace.xz,50000000,25945311,1.92713,23773,23773,0,0,0,1547689,647789,899900,17.998000000000001,0.58144799999999996,0,0,0,0,0,0,0,0,0,0
ligra,ligra_Triangle,ligra_Triangle.com-lj.ungraph.gcc_6.3.0_O3.drop_24000M.length_250M,ligra_Triangle.com-lj.ungraph.gcc_6.3.0_O3.drop_24000M.length_250M.champsimtrace.xz,50000001,23171790,2.1577999999999999,2563,2563,0,0,0,288227,108702,179525,3.5905,0.62285999999999997,0,0,0,0,0,0,0,0,0,0
ligra,ligra_Triangle,ligra_Triangle.com-lj.ungraph.gcc_6.3.0_O3.drop_25000M.length_250M,ligra_Triangle.com-lj.ungraph.gcc_6.3.0_O3.drop_25000M.length_250M.champsimtrace.xz,50000000,35053135,1.42641,1373451,1373451,0,0,0,2383336,1923876,459460,9.1891999999999996,0.19278000000000001,0,0,0,0,0,0,0,0,0,0
ligra,ligra_Triangle,ligra_Triangle.com-lj.ungraph.gcc_6.3.0_O3.drop_25250M.length_8M,ligra_Triangle.com-lj.ungraph.gcc_6.3.0_O3.drop_25250M.length_8M.champsimtrace.xz,50000005,56156846,0.89036300000000002,19672,19672,0,0,0,1251649,147234,1104415,22.0883,0.88236800000000004,0,0,0,0,0,0,0,0,0,0
ligra,ligra_Triangle,ligra_Triangle.com-lj.ungraph.gcc_6.3.0_O3.drop_3500M.length_250M,ligra_Triangle.com-lj.ungraph.gcc_6.3.0_O3.drop_3500M.length_250M.champsimtrace.xz,50000004,20989906,2.3820999999999999,2796,2796,0,0,0,268364,64952,203412,4.0682400000000003,0.75797099999999995,0,0,0,0,0,0,0,0,0,0
ligra,ligra_Triangle,ligra_Triangle.com-lj.ungraph.gcc_6.3.0_O3.drop_6000M.length_250M,ligra_Triangle.com-lj.ungraph.gcc_6.3.0_O3.drop_6000M.length_250M.champsimtrace.xz,50000000,33902771,1.47481,4651,4651,0,0,0,445939,127436,318503,6.3700599999999996,0.71423000000000003,0,0,0,0,0,0,0,0,0,0
ligra,ligra_Triangle,ligra_Triangle.com-lj.ungraph.gcc_6.3.0_O3.drop_750M.length_250M,ligra_Triangle.com-lj.ungraph.gcc_6.3.0_O3.drop_750M.length_250M.champsimtrace.xz,50000002,26400865,1.89388,1827,1827,0,0,0,233780,18742,215038,4.3007600000000004,0.91983099999999995,0,0,0,0,0,0,0,0,0,0
