dataset,workload,trace_tag,instructions,cycles,ipc,stlb_access,stlb_hit,stlb_miss,stlb_mpki,stlb_miss_rate,demand_data_miss,demand_data_miss_rate,demand_instruction_miss,demand_instruction_miss_rate,l1d_prefetch_miss,l1d_prefetch_miss_rate,l1i_prefetch_miss,l1i_prefetch_miss_rate,other_miss,other_miss_rate
spec06,403.gcc,403.gcc-17B,100000002,148705539,0.67247,1118751,830957,287794,2.87794,0.257246,287743,0.2572,51,4.55866e-05,0,0,0,0,0,0
spec06,429.mcf,429.mcf-184B,100000003,823187894,0.121479,9912929,9004024,908905,9.08905,0.0916888,908905,0.0916888,0,0,0,0,0,0,0,0
spec06,429.mcf,429.mcf-192B,100000004,837983209,0.119334,14593109,14310620,282489,2.82489,0.0193577,282488,0.0193576,1,6.85255e-08,0,0,0,0,0,0
spec06,429.mcf,429.mcf-22B,100000002,182115767,0.549101,487174,172327,314847,3.14847,0.646272,314847,0.646272,0,0,0,0,0,0,0,0
spec06,429.mcf,429.mcf-51B,100000002,631499347,0.158353,7887350,6836928,1050422,10.5042,0.133178,1050422,0.133178,0,0,0,0,0,0,0,0
spec06,433.milc,433.milc-127B,100000000,118110894,0.846662,218105,13,218092,2.18092,0.99994,218092,0.99994,0,0,0,0,0,0,0,0
spec06,433.milc,433.milc-274B,100000001,109346709,0.914522,125521,4625,120896,1.20896,0.963154,120891,0.963114,5,3.9834e-05,0,0,0,0,0,0
spec06,433.milc,433.milc-337B,100000003,109094410,0.916637,196199,17,196182,1.96182,0.999913,196181,0.999908,1,5.09687e-06,0,0,0,0,0,0
spec06,436.cactusADM,436.cactusADM-1804B,100000002,53451979,1.87084,2575499,1647546,927953,9.27953,0.3603,927953,0.3603,0,0,0,0,0,0,0,0
spec06,450.soplex,450.soplex-247B,100000000,200298130,0.499256,780903,674923,105980,1.0598,0.135715,105980,0.135715,0,0,0,0,0,0,0,0
spec06,459.GemsFDTD,459.GemsFDTD-1169B,100000002,98216695,1.01816,1357934,1180231,177703,1.77703,0.130863,177701,0.130861,2,1.47283e-06,0,0,0,0,0,0
spec06,459.GemsFDTD,459.GemsFDTD-1211B,100000003,104211489,0.959587,641514,533766,107748,1.07748,0.167959,107748,0.167959,0,0,0,0,0,0,0,0
spec06,459.GemsFDTD,459.GemsFDTD-765B,100000005,106555538,0.938478,329037,102805,226232,2.26232,0.687558,226231,0.687555,1,3.03917e-06,0,0,0,0,0,0
spec06,471.omnetpp,471.omnetpp-188B,100000001,246435690,0.405785,1929975,1477922,452053,4.52053,0.234227,451501,0.233941,552,0.000286014,0,0,0,0,0,0
spec06,473.astar,473.astar-359B,100000002,515250921,0.19408,3358725,1646700,1712025,17.1202,0.509725,1712025,0.509725,0,0,0,0,0,0,0,0
spec06,473.astar,473.astar-42B,100000000,194304133,0.514657,2337246,1785715,551531,5.51531,0.235975,551523,0.235971,8,3.42283e-06,0,0,0,0,0,0
spec06,483.xalancbmk,483.xalancbmk-127B,100000000,338296544,0.295599,429847,83026,346821,3.46821,0.806848,341520,0.794515,5301,0.0123323,0,0,0,0,0,0
spec17,602.gcc_s,602.gcc_s-2226B,100000000,540869261,0.184888,135923,4546,131377,1.31377,0.966555,131377,0.966555,0,0,0,0,0,0,0,0
spec17,605.mcf_s,605.mcf_s-1536B,100000000,200957024,0.497619,2445867,206588,2239279,22.3928,0.915536,2239279,0.915536,0,0,0,0,0,0,0,0
spec17,605.mcf_s,605.mcf_s-1644B,100000005,516636512,0.19356,2960019,538468,2421551,24.2155,0.818086,2421551,0.818086,0,0,0,0,0,0,0,0
spec17,605.mcf_s,605.mcf_s-472B,100000000,277167032,0.360793,299912,170092,129820,1.2982,0.43286,129820,0.43286,0,0,0,0,0,0,0,0
spec17,605.mcf_s,605.mcf_s-782B,100000000,818851377,0.122122,8524816,8411638,113178,1.13178,0.0132763,113178,0.0132763,0,0,0,0,0,0,0,0
spec17,605.mcf_s,605.mcf_s-994B,100000000,248984540,0.401631,1622447,814781,807666,8.07666,0.497807,807666,0.497807,0,0,0,0,0,0,0,0
spec17,620.omnetpp_s,620.omnetpp_s-141B,100000002,213464670,0.468462,2249935,1763770,486165,4.86165,0.21608,484485,0.215333,1680,0.000746688,0,0,0,0,0,0
spec17,620.omnetpp_s,620.omnetpp_s-874B,100000000,194511672,0.514108,2058923,1631414,427509,4.27509,0.207637,425382,0.206604,2127,0.00103306,0,0,0,0,0,0
spec17,623.xalancbmk_s,623.xalancbmk_s-10B,100000003,148865508,0.671747,724090,242912,481178,4.81178,0.664528,476057,0.657456,5121,0.00707233,0,0,0,0,0,0
spec17,623.xalancbmk_s,623.xalancbmk_s-592B,100000000,85109640,1.17496,2330789,2202278,128511,1.28511,0.0551363,126725,0.05437,1786,0.000766264,0,0,0,0,0,0
spec17,623.xalancbmk_s,623.xalancbmk_s-700B,100000000,96631629,1.03486,3055195,2879476,175719,1.75719,0.0575148,174057,0.0569708,1662,0.000543991,0,0,0,0,0,0
spec17,649.fotonik3d_s,649.fotonik3d_s-10881B,100000004,138029995,0.72448,460189,120592,339597,3.39597,0.737951,339597,0.737951,0,0,0,0,0,0,0,0
gap,bc,bc.kron-2608B,100000004,221482389,0.451503,1848388,33994,1814394,18.1439,0.981609,1814394,0.981609,0,0,0,0,0,0,0,0
gap,bc,bc.kron-5154B,100000002,106091200,0.942585,290773,4668,286105,2.86105,0.983946,286105,0.983946,0,0,0,0,0,0,0,0
gap,bc,bc.road-131B,100000004,616401097,0.162232,1495626,647993,847633,8.47633,0.566741,847633,0.566741,0,0,0,0,0,0,0,0
gap,bc,bc.road-174B,100000000,429571007,0.23279,1735984,858408,877576,8.77576,0.505521,877576,0.505521,0,0,0,0,0,0,0,0
gap,bc,bc.road-79B,100000002,355349120,0.281413,1949542,1212107,737435,7.37435,0.378261,737435,0.378261,0,0,0,0,0,0,0,0
gap,bc,bc.road-95B,100000000,465601241,0.214776,1445328,652855,792473,7.92473,0.5483,792473,0.5483,0,0,0,0,0,0,0,0
gap,bc,bc.twitter-1658B,100000002,252497608,0.396043,1016717,29023,987694,9.87694,0.971454,987694,0.971454,0,0,0,0,0,0,0,0
gap,bc,bc.twitter-2320B,100000005,178539602,0.5601,1969089,63633,1905456,19.0546,0.967684,1905456,0.967684,0,0,0,0,0,0,0,0
gap,bc,bc.twitter-309B,100000000,496754929,0.201307,4321221,49508,4271713,42.7171,0.988543,4271713,0.988543,0,0,0,0,0,0,0,0
gap,bc,bc.twitter-876B,100000005,562805707,0.177681,7010809,368802,6642007,66.4201,0.947395,6642007,0.947395,0,0,0,0,0,0,0,0
gap,bc,bc.urand-3004B,100000002,304649750,0.328246,1100723,19172,1081551,10.8155,0.982582,1081551,0.982582,0,0,0,0,0,0,0,0
gap,bfs,bfs.kron-128B,100000002,218445246,0.457781,117741,8144,109597,1.09597,0.930831,109597,0.930831,0,0,0,0,0,0,0,0
gap,bfs,bfs.kron-542B,100000001,536649208,0.186341,3528958,1771464,1757494,17.5749,0.498021,1757453,0.498009,41,1.16182e-05,0,0,0,0,0,0
gap,bfs,bfs.road-112B,100000001,524410739,0.19069,1296625,507438,789187,7.89187,0.608647,787574,0.607403,1613,0.001244,0,0,0,0,0,0
gap,bfs,bfs.road-128B,100000000,594307187,0.168263,1523802,550392,973410,9.7341,0.638803,972208,0.638015,1202,0.000788816,0,0,0,0,0,0
gap,bfs,bfs.road-140B,100000005,575214299,0.173848,1344393,485585,858808,8.58808,0.638807,857753,0.638023,1055,0.000784741,0,0,0,0,0,0
gap,bfs,bfs.road-19B,100000000,424822967,0.235392,1283654,1055714,227940,2.2794,0.177571,227333,0.177098,607,0.000472869,0,0,0,0,0,0
gap,bfs,bfs.twitter-10B,100000004,332729995,0.300544,472395,194968,277427,2.77427,0.587278,277427,0.587278,0,0,0,0,0,0,0,0
gap,bfs,bfs.twitter-160B,100000000,538137693,0.185826,3557532,3286234,271298,2.71298,0.0762602,271298,0.0762602,0,0,0,0,0,0,0,0
gap,bfs,bfs.twitter-163B,100000003,362180647,0.276105,557870,248004,309866,3.09866,0.555445,309866,0.555445,0,0,0,0,0,0,0,0
gap,bfs,bfs.twitter-242B,100000001,463213300,0.215883,853814,625635,228179,2.28179,0.267247,228179,0.267247,0,0,0,0,0,0,0,0
gap,bfs,bfs.twitter-408B,100000002,333113082,0.300198,701336,526379,174957,1.74957,0.249462,174917,0.249405,40,5.7034e-05,0,0,0,0,0,0
gap,bfs,bfs.twitter-44B,100000005,373049563,0.268061,6802518,6515166,287352,2.87352,0.042242,287352,0.042242,0,0,0,0,0,0,0,0
gap,bfs,bfs.urand-118B,100000000,753852827,0.132652,4406627,107606,4299021,42.9902,0.975581,4299021,0.975581,0,0,0,0,0,0,0,0
gap,bfs,bfs.urand-161B,100000004,681260254,0.146787,6970780,5764159,1206621,12.0662,0.173097,1206621,0.173097,0,0,0,0,0,0,0,0
gap,bfs,bfs.urand-356B,100000000,685653759,0.145846,4293833,109049,4184784,41.8478,0.974603,4184784,0.974603,0,0,0,0,0,0,0,0
gap,bfs,bfs.urand-36B,100000004,436960913,0.228853,3938030,3270444,667586,6.67586,0.169523,667546,0.169513,40,1.01574e-05,0,0,0,0,0,0
gap,bfs,bfs.urand-410B,100000002,755596717,0.132346,5661608,5208643,452965,4.52965,0.0800064,452965,0.0800064,0,0,0,0,0,0,0,0
gap,bfs,bfs.urand-60B,100000000,729807607,0.137022,6156480,5514565,641915,6.41915,0.104267,641915,0.104267,0,0,0,0,0,0,0,0
gap,cc,cc.kron-10B,100000002,557485491,0.179377,1705707,530407,1175300,11.753,0.68904,1175300,0.68904,0,0,0,0,0,0,0,0
gap,cc,cc.kron-17B,100000001,722157384,0.138474,1937758,118649,1819109,18.1911,0.93877,1819109,0.93877,0,0,0,0,0,0,0,0
gap,cc,cc.kron-78B,100000002,719552184,0.138975,1938958,118847,1820111,18.2011,0.938706,1820111,0.938706,0,0,0,0,0,0,0,0
gap,cc,cc.kron-82B,100000000,719410810,0.139003,3725594,1982251,1743343,17.4334,0.467937,1743343,0.467937,0,0,0,0,0,0,0,0
gap,cc,cc.kron-99B,100000001,560081776,0.178545,1708425,526807,1181618,11.8162,0.691642,1181618,0.691642,0,0,0,0,0,0,0,0
gap,cc,cc.twitter-10B,100000001,240704918,0.415446,2360932,869782,1491150,14.9115,0.631594,1491150,0.631594,0,0,0,0,0,0,0,0
gap,cc,cc.twitter-15B,100000005,282982548,0.353379,2074425,410465,1663960,16.6396,0.802131,1663960,0.802131,0,0,0,0,0,0,0,0
gap,cc,cc.twitter-16B,100000005,212998713,0.469486,1484276,337244,1147032,11.4703,0.772789,1147032,0.772789,0,0,0,0,0,0,0,0
gap,cc,cc.twitter-17B,100000000,271026039,0.368968,2359131,932129,1427002,14.27,0.604885,1427002,0.604885,0,0,0,0,0,0,0,0
gap,cc,cc.twitter-25B,100000001,527947736,0.189413,1888682,449174,1439508,14.3951,0.762176,1439508,0.762176,0,0,0,0,0,0,0,0
gap,cc,cc.twitter-69B,100000001,259769797,0.384956,2739877,334207,2405670,24.0567,0.878021,2405670,0.878021,0,0,0,0,0,0,0,0
gap,cc,cc.twitter-78B,100000003,252189368,0.396527,1798916,373757,1425159,14.2516,0.792232,1425159,0.792232,0,0,0,0,0,0,0,0
gap,cc,cc.twitter-85B,100000000,246208800,0.406159,1704940,354636,1350304,13.503,0.791995,1350304,0.791995,0,0,0,0,0,0,0,0
gap,cc,cc.urand-353B,100000000,246403341,0.405839,2703697,442496,2261201,22.612,0.836337,2261201,0.836337,0,0,0,0,0,0,0,0
gap,cc,cc.web-101B,100000000,245511016,0.407314,168799,35084,133715,1.33715,0.792155,133715,0.792155,0,0,0,0,0,0,0,0
gap,cc,cc.web-13B,100000001,123327696,0.810848,147312,35534,111778,1.11778,0.758784,111763,0.758682,15,0.000101825,0,0,0,0,0,0
gap,cc,cc.web-34B,100000005,143936306,0.694752,149038,20042,128996,1.28996,0.865524,128996,0.865524,0,0,0,0,0,0,0,0
gap,cc,cc.web-99B,100000002,145062993,0.689356,146862,17844,129018,1.29018,0.878498,129018,0.878498,0,0,0,0,0,0,0,0
gap,pr,pr.kron-349B,100000001,4221956383,0.0236857,17560050,277866,17282184,172.822,0.984176,17282184,0.984176,0,0,0,0,0,0,0,0
gap,pr,pr.kron-90B,100000003,4242354768,0.0235718,17059131,262251,16796880,167.969,0.984627,16796880,0.984627,0,0,0,0,0,0,0,0
gap,pr,pr.twitter-168B,100000000,2994185445,0.0333981,16944197,3028286,13915911,139.159,0.821279,13915911,0.821279,0,0,0,0,0,0,0,0
gap,pr,pr.twitter-2161B,100000002,1999014355,0.0500247,8368108,1174258,7193850,71.9385,0.859675,7193850,0.859675,0,0,0,0,0,0,0,0
gap,pr,pr.twitter-2741B,100000004,3113994562,0.0321131,16854000,2654036,14199964,142,0.842528,14199964,0.842528,0,0,0,0,0,0,0,0
gap,pr,pr.twitter-3197B,100000002,3173456488,0.0315114,16884388,2477347,14407041,144.07,0.853276,14407041,0.853276,0,0,0,0,0,0,0,0
gap,pr,pr.twitter-833B,100000002,3549659657,0.0281717,17040325,1319659,15720666,157.207,0.922557,15720666,0.922557,0,0,0,0,0,0,0,0
gap,pr,pr.urand-2209B,100000003,4644227250,0.0215321,18203969,459750,17744219,177.442,0.974745,17744219,0.974745,0,0,0,0,0,0,0,0
gap,sssp,sssp.kron-246B,100000004,545993418,0.183152,7735246,265003,7470243,74.7024,0.965741,7470243,0.965741,0,0,0,0,0,0,0,0
gap,sssp,sssp.road-66B,100000005,285065460,0.350797,1976408,1530737,445671,4.45671,0.225495,444591,0.224949,1080,0.000546446,0,0,0,0,0,0
gap,sssp,sssp.twitter-1116B,100000005,375053291,0.266629,2967032,794875,2172157,21.7216,0.732098,2172157,0.732098,0,0,0,0,0,0,0,0
gap,sssp,sssp.twitter-792B,100000002,978599756,0.102187,6497902,432965,6064937,60.6494,0.933368,6064905,0.933364,32,4.92467e-06,0,0,0,0,0,0
gap,sssp,sssp.twitter-900B,100000004,306420859,0.326349,7005335,598592,6406743,64.0674,0.914552,6406741,0.914552,2,2.85497e-07,0,0,0,0,0,0
gap,sssp,sssp.urand-3381B,100000005,596771086,0.167568,7827828,183228,7644600,76.446,0.976593,7644600,0.976593,0,0,0,0,0,0,0,0
gap,sssp,sssp.urand-3988B,100000005,572893645,0.174552,7801277,240025,7561252,75.6125,0.969233,7561252,0.969233,0,0,0,0,0,0,0,0
gap,sssp,sssp.urand-4669B,100000002,598246310,0.167155,7676838,327226,7349612,73.4961,0.957375,7349612,0.957375,0,0,0,0,0,0,0,0
gap,sssp,sssp.urand-4819B,100000000,610890269,0.163696,7609205,365444,7243761,72.4376,0.951973,7243761,0.951973,0,0,0,0,0,0,0,0
gap,sssp,sssp.web-1185B,100000003,275959605,0.362372,1147764,426081,721683,7.21683,0.628773,721674,0.628765,9,7.84133e-06,0,0,0,0,0,0
gap,tc,tc.twitter-34B,100000000,172198228,0.580726,406925,18799,388126,3.88126,0.953802,388125,0.9538,1,2.45746e-06,0,0,0,0,0,0
gap,tc,tc.urand-1112B,100000002,659694353,0.151585,825679,15335,810344,8.10344,0.981427,810344,0.981427,0,0,0,0,0,0,0,0
gap,tc,tc.urand-187B,100000000,699599328,0.142939,946049,16508,929541,9.29541,0.982551,929541,0.982551,0,0,0,0,0,0,0,0
gap,tc,tc.urand-455B,100000000,867331736,0.115296,1497433,19219,1478214,14.7821,0.987165,1478214,0.987165,0,0,0,0,0,0,0,0
gap,tc,tc.urand-504B,100000000,772041393,0.129527,1181735,17721,1164014,11.6401,0.985004,1164014,0.985004,0,0,0,0,0,0,0,0
gap,tc,tc.urand-825B,100000001,1403805629,0.0712349,3970756,80454,3890302,38.903,0.979738,3890302,0.979738,0,0,0,0,0,0,0,0
ligra,ligra_BC,ligra_BC.com-lj.ungraph.gcc_6.3.0_O3.drop_26750M.length_250M,100000002,190039950,0.526205,532153,416955,115198,1.15198,0.216475,115196,0.216472,2,3.75832e-06,0,0,0,0,0,0
ligra,ligra_BFS,ligra_BFS.com-lj.ungraph.gcc_6.3.0_O3.drop_21500M.length_250M,100000000,187119977,0.534416,490443,385981,104462,1.04462,0.212995,104404,0.212877,58,0.00011826,0,0,0,0,0,0
ligra,ligra_BellmanFord,ligra_BellmanFord.com-lj.ungraph.gcc_6.3.0_O3.drop_33750M.length_250M,100000000,278890287,0.358564,1611032,994937,616095,6.16095,0.382423,616095,0.382423,0,0,0,0,0,0,0,0
ligra,ligra_CF,ligra_CF.com-lj.ungraph.gcc_6.3.0_O3.drop_184750M.length_250M,100000002,96412667,1.03721,344026,168296,175730,1.7573,0.510804,175730,0.510804,0,0,0,0,0,0,0,0
ligra,ligra_Components,ligra_Components.com-lj.ungraph.gcc_6.3.0_O3.drop_22750M.length_250M,100000000,222014549,0.450421,6742226,6426176,316050,3.1605,0.0468762,316050,0.0468762,0,0,0,0,0,0,0,0
ligra,ligra_Components-Shortcut,ligra_Components-Shortcut.com-lj.ungraph.gcc_6.3.0_O3.drop_22000M.length_250M,100000002,214150433,0.466961,7249835,7127789,122046,1.22046,0.0168343,122046,0.0168343,0,0,0,0,0,0,0,0
ligra,ligra_PageRank,ligra_PageRank.com-lj.ungraph.gcc_6.3.0_O3.drop_21750M.length_250M,100000000,171240074,0.583975,7925146,4928252,2996894,29.9689,0.37815,2996894,0.37815,0,0,0,0,0,0,0,0
ligra,ligra_PageRank,ligra_PageRank.com-lj.ungraph.gcc_6.3.0_O3.drop_60750M.length_250M,100000001,148122983,0.675115,486683,121999,364684,3.64684,0.749326,364676,0.749309,8,1.64378e-05,0,0,0,0,0,0
ligra,ligra_PageRank,ligra_PageRank.com-lj.ungraph.gcc_6.3.0_O3.drop_79500M.length_250M,100000002,198940405,0.502663,5762265,2471723,3290542,32.9054,0.57105,3290542,0.57105,0,0,0,0,0,0,0,0
ligra,ligra_PageRankDelta,ligra_PageRankDelta.com-lj.ungraph.gcc_6.3.0_O3.drop_24000M.length_250M,100000001,170365291,0.586974,504039,307908,196131,1.96131,0.389119,196128,0.389113,3,5.95192e-06,0,0,0,0,0,0
ligra,ligra_PageRankDelta,ligra_PageRankDelta.com-lj.ungraph.gcc_6.3.0_O3.drop_24500M.length_250M,100000000,151471013,0.660192,1562709,839319,723390,7.2339,0.462908,723390,0.462908,0,0,0,0,0,0,0,0
ligra,ligra_PageRankDelta,ligra_PageRankDelta.com-lj.ungraph.gcc_6.3.0_O3.drop_52000M.length_250M,100000000,180887521,0.55283,353951,215192,138759,1.38759,0.392029,138751,0.392006,8,2.2602e-05,0,0,0,0,0,0
ligra,ligra_Radii,ligra_Radii.com-lj.ungraph.gcc_6.3.0_O3.drop_25000M.length_250M,100000003,369452279,0.270671,2533970,487586,2046384,20.4638,0.80758,2046384,0.80758,0,0,0,0,0,0,0,0
ligra,ligra_Radii,ligra_Radii.com-lj.ungraph.gcc_6.3.0_O3.drop_32000M.length_250M,100000001,368665233,0.271249,4703941,4560009,143932,1.43932,0.0305982,143932,0.0305982,0,0,0,0,0,0,0,0
ligra,ligra_Radii,ligra_Radii.com-lj.ungraph.gcc_6.3.0_O3.drop_36000M.length_250M,100000004,379289428,0.263651,2352550,1997022,355528,3.55528,0.151125,355522,0.151122,6,2.55042e-06,0,0,0,0,0,0
qmm,qmm_fp,compute_fp_1_new,100000005,201776783,0.495597,436848,316961,119887,1.19887,0.274436,119694,0.273995,193,0.000441801,0,0,0,0,0,0
qmm,qmm_fp,compute_fp_5_new,100000002,141738720,0.705524,814657,538744,275913,2.75913,0.338686,275823,0.338576,90,0.000110476,0,0,0,0,0,0
qmm,qmm_fp,compute_fp_7_new,100000000,243706219,0.41033,1499880,1313217,186663,1.86663,0.124452,186388,0.124269,275,0.000183348,0,0,0,0,0,0
qmm,qmm_int,compute_int_14_new,100000001,55191721,1.81187,567536,22555,544981,5.44981,0.960258,543751,0.958091,1230,0.00216726,0,0,0,0,0,0
qmm,qmm_int,compute_int_23_new,100000001,280945875,0.35594,507330,241372,265958,2.65958,0.524231,265904,0.524124,54,0.00010644,0,0,0,0,0,0
qmm,qmm_int,compute_int_27_new,100000003,205608897,0.48636,297483,13217,284266,2.84266,0.955571,284168,0.955241,98,0.000329431,0,0,0,0,0,0
qmm,qmm_int,compute_int_2_new,100000001,708636498,0.141116,7414809,6470001,944808,9.44808,0.127422,944748,0.127414,60,8.09191e-06,0,0,0,0,0,0
qmm,qmm_int,compute_int_34_new,100000005,232649940,0.42983,226566,86538,140028,1.40028,0.618045,139904,0.617498,124,0.000547302,0,0,0,0,0,0
qmm,qmm_int,compute_int_37_new,100000002,270209207,0.370084,3015976,637097,2378879,23.7888,0.788759,2378707,0.788702,172,5.70296e-05,0,0,0,0,0,0
qmm,qmm_int,compute_int_38_new,100000002,151648864,0.659418,1969635,1522948,446687,4.46687,0.226787,445573,0.226221,1114,0.000565587,0,0,0,0,0,0
qmm,qmm_int,compute_int_45_new,100000001,520367750,0.192172,260756,12,260744,2.60744,0.999954,260636,0.99954,108,0.00041418,0,0,0,0,0,0
qmm,qmm_srv,srv_0_new,100000005,61956130,1.61405,1636495,1408298,228197,2.28197,0.139443,140407,0.0857974,87790,0.0536451,0,0,0,0,0,0
qmm,qmm_srv,srv_10_new,100000000,59382447,1.684,1620501,1387958,232543,2.32543,0.143501,144883,0.0894063,87660,0.0540944,0,0,0,0,0,0
qmm,qmm_srv,srv_1_new,100000000,100756175,0.992495,4578741,4415073,163668,1.63668,0.0357452,100961,0.0220499,62707,0.0136952,0,0,0,0,0,0
qmm,qmm_srv,srv_2_new,100000000,55164832,1.81275,1647018,1480092,166926,1.66926,0.10135,109138,0.066264,57788,0.0350864,0,0,0,0,0,0
qmm,qmm_srv,srv_3_new,100000000,54705722,1.82796,1525099,1359638,165461,1.65461,0.108492,108254,0.0709816,57207,0.0375104,0,0,0,0,0,0
qmm,qmm_srv,srv_4_new,100000005,52812934,1.89348,1651051,1492777,158274,1.58274,0.0958626,104057,0.0630247,54217,0.0328379,0,0,0,0,0,0
qmm,qmm_srv,srv_5_new,100000002,52123273,1.91853,1664366,1504565,159801,1.59801,0.0960131,104097,0.0625445,55704,0.0334686,0,0,0,0,0,0
qmm,qmm_srv,srv_60_new,100000003,64072942,1.56072,1667936,1414662,253274,2.53274,0.151849,162461,0.0974024,90813,0.0544463,0,0,0,0,0,0
qmm,qmm_srv,srv_61_new,100000003,62063480,1.61125,1621477,1392578,228899,2.28899,0.141167,141799,0.0874505,87100,0.0537165,0,0,0,0,0,0
qmm,qmm_srv,srv_62_new,100000000,55228700,1.81065,1620679,1449809,170870,1.7087,0.105431,111590,0.0688539,59280,0.0365773,0,0,0,0,0,0
qmm,qmm_srv,srv_63_new,100000003,55201221,1.81155,1650500,1472895,177605,1.77605,0.107607,116054,0.0703145,61551,0.0372923,0,0,0,0,0,0
qmm,qmm_srv,srv_64_new,100000004,51814276,1.92997,1632548,1472357,160191,1.60191,0.0981233,104306,0.0638915,55885,0.0342318,0,0,0,0,0,0
qmm,qmm_srv,srv_65_new,100000000,51583726,1.9386,1543305,1386436,156869,1.56869,0.101645,102181,0.0662092,54688,0.0354356,0,0,0,0,0,0
qmm,qmm_srv,srv_66_new,100000004,54993159,1.81841,1629469,1458206,171263,1.71263,0.105104,109063,0.0669316,62200,0.0381719,0,0,0,0,0,0
qmm,qmm_srv,srv_67_new,100000004,53922263,1.85452,1640612,1477211,163401,1.63401,0.0995976,104389,0.0636281,59012,0.0359695,0,0,0,0,0,0
qmm,qmm_srv,srv_68_new,100000002,57487359,1.73951,1538971,1348810,190161,1.90161,0.123564,122887,0.0798501,67274,0.0437136,0,0,0,0,0,0
qmm,qmm_srv,srv_69_new,100000001,66367737,1.50676,1599123,1372360,226763,2.26763,0.141805,142350,0.0890175,84413,0.0527871,0,0,0,0,0,0
qmm,qmm_srv,srv_6_new,100000003,53148386,1.88152,1613345,1441377,171968,1.71968,0.106591,110558,0.0685272,61410,0.0380638,0,0,0,0,0,0
qmm,qmm_srv,srv_7_new,100000004,58808407,1.70044,1563836,1351030,212806,2.12806,0.136079,132099,0.0844711,80707,0.0516084,0,0,0,0,0,0
parsec,parsec_canneal,parsec_2.1.canneal.simlarge.prebuilt.drop_1250M.length_250M,100000002,200825309,0.497945,866834,565894,300940,3.0094,0.347171,300896,0.347121,44,5.07594e-05,0,0,0,0,0,0
parsec,parsec_canneal,parsec_2.1.canneal.simlarge.prebuilt.drop_3000M.length_250M,100000004,254246931,0.393318,1218455,743300,475155,4.75155,0.389965,475123,0.389939,32,2.62628e-05,0,0,0,0,0,0
parsec,parsec_canneal,parsec_2.1.canneal.simlarge.prebuilt.drop_4500M.length_250M,100000001,264522092,0.37804,1323963,804064,519899,5.19899,0.392684,519869,0.392661,30,2.26592e-05,0,0,0,0,0,0
parsec,parsec_canneal,parsec_2.1.canneal.simlarge.prebuilt.drop_4750M.length_250M,100000002,335019677,0.29849,2500562,1273543,1227019,12.2702,0.490697,1227012,0.490694,7,2.79937e-06,0,0,0,0,0,0
parsec,parsec_canneal,parsec_2.1.canneal.simlarge.prebuilt.drop_5000M.length_15M,100000002,341294739,0.293002,2779572,1527064,1252508,12.5251,0.450612,1252508,0.450612,0,0,0,0,0,0,0,0
parsec,parsec_canneal,parsec_2.1.canneal.simlarge.prebuilt.drop_500M.length_250M,100000001,153405288,0.651868,639732,475383,164349,1.64349,0.256903,164295,0.256818,54,8.44103e-05,0,0,0,0,0,0
xsbench,xsbench_XL100hash,xs.XL100hash-194B,100000002,463054481,0.215957,836257,14608,821649,8.21649,0.982532,821649,0.982532,0,0,0,0,0,0,0,0
xsbench,xsbench_XL100hash,xs.XL100hash-28B,100000004,203807849,0.490658,1033268,930368,102900,1.029,0.0995869,102900,0.0995869,0,0,0,0,0,0,0,0
xsbench,xsbench_XL100nuclide,xs.XL100nuclide-185B,100000001,645364504,0.154951,3795684,146430,3649254,36.4925,0.961422,3649254,0.961422,0,0,0,0,0,0,0,0
xsbench,xsbench_XL100nuclide,xs.XL100nuclide-296B,100000000,645563315,0.154903,3801321,125213,3676108,36.7611,0.967061,3676108,0.967061,0,0,0,0,0,0,0,0
xsbench,xsbench_XL100nuclide,xs.XL100nuclide-577B,100000001,644443418,0.155173,3807762,140782,3666980,36.6698,0.963028,3666980,0.963028,0,0,0,0,0,0,0,0
xsbench,xsbench_XL100nuclide,xs.XL100nuclide-829B,100000000,644754177,0.155098,3798604,127939,3670665,36.7067,0.966319,3670665,0.966319,0,0,0,0,0,0,0,0
xsbench,xsbench_XL100unionized,xs.XL100unionized-28B,100000003,203816424,0.490638,1031925,929071,102854,1.02854,0.099672,102854,0.099672,0,0,0,0,0,0,0,0
xsbench,xsbench_XL64hash,xs.XL64hash-126B,100000001,460534574,0.217139,834486,13439,821047,8.21047,0.983895,821047,0.983895,0,0,0,0,0,0,0,0
xsbench,xsbench_XL64hash,xs.XL64hash-49B,100000004,249151182,0.401363,1364626,1086317,278309,2.78309,0.203945,278309,0.203945,0,0,0,0,0,0,0,0
xsbench,xsbench_XL64nuclide,xs.XL64nuclide-355B,100000002,645216907,0.154987,3799924,129904,3670020,36.7002,0.965814,3670020,0.965814,0,0,0,0,0,0,0,0
xsbench,xsbench_XL64unionized,xs.XL64unionized-28B,100000000,203659321,0.491016,1032123,929276,102847,1.02847,0.0996461,102847,0.0996461,0,0,0,0,0,0,0,0
xsbench,xsbench_XXL100hash,xs.XXL100hash-552B,100000005,509124998,0.196415,946849,12877,933972,9.33972,0.9864,933972,0.9864,0,0,0,0,0,0,0,0
xsbench,xsbench_XXL100hash,xs.XXL100hash-563B,100000003,507960840,0.196866,946241,12352,933889,9.33889,0.986946,933889,0.986946,0,0,0,0,0,0,0,0
xsbench,xsbench_XXL100hash,xs.XXL100hash-94B,100000000,209474435,0.477385,1035982,905056,130926,1.30926,0.126379,130926,0.126379,0,0,0,0,0,0,0,0
xsbench,xsbench_XXL100nuclide,xs.XXL100nuclide-165B,100000000,689706484,0.144989,3980617,125248,3855369,38.5537,0.968536,3855369,0.968536,0,0,0,0,0,0,0,0
xsbench,xsbench_XXL100nuclide,xs.XXL100nuclide-30B,100000005,195313022,0.511999,909227,780286,128941,1.28941,0.141814,128941,0.141814,0,0,0,0,0,0,0,0
xsbench,xsbench_XXL100nuclide,xs.XXL100nuclide-324B,100000001,691258872,0.144664,3994670,142309,3852361,38.5236,0.964375,3852361,0.964375,0,0,0,0,0,0,0,0
xsbench,xsbench_XXL100nuclide,xs.XXL100nuclide-487B,100000001,692723035,0.144358,3983852,132049,3851803,38.518,0.966854,3851803,0.966854,0,0,0,0,0,0,0,0
xsbench,xsbench_XXL100nuclide,xs.XXL100nuclide-648B,100000001,690829449,0.144754,3981605,123037,3858568,38.5857,0.969099,3858568,0.969099,0,0,0,0,0,0,0,0
xsbench,xsbench_XXL100nuclide,xs.XXL100nuclide-650B,100000001,694387627,0.144012,3979684,129775,3849909,38.4991,0.967391,3849909,0.967391,0,0,0,0,0,0,0,0
xsbench,xsbench_XXL100nuclide,xs.XXL100nuclide-861B,100000001,691800914,0.14455,3980496,124252,3856244,38.5624,0.968785,3856244,0.968785,0,0,0,0,0,0,0,0
xsbench,xsbench_XXL100unionized,xs.XXL100unionized-24B,100000005,306365159,0.326408,1576900,719247,857653,8.57653,0.543885,857646,0.543881,7,4.43909e-06,0,0,0,0,0,0
xsbench,xsbench_XXL64hash,xs.XXL64hash-205B,100000005,507914088,0.196884,947571,12584,934987,9.34987,0.98672,934987,0.98672,0,0,0,0,0,0,0,0
xsbench,xsbench_XXL64hash,xs.XXL64hash-24B,100000000,306869633,0.325871,1576905,719282,857623,8.57623,0.543865,857616,0.54386,7,4.43908e-06,0,0,0,0,0,0
xsbench,xsbench_XXL64nuclide,xs.XXL64nuclide-24B,100000003,306436689,0.326332,1577034,719514,857520,8.5752,0.543755,857513,0.54375,7,4.43871e-06,0,0,0,0,0,0
xsbench,xsbench_XXL64nuclide,xs.XXL64nuclide-531B,100000005,692064170,0.144495,3992716,135148,3857568,38.5757,0.966151,3857568,0.966151,0,0,0,0,0,0,0,0
xsbench,xsbench_XXL64nuclide,xs.XXL64nuclide-566B,100000002,691258247,0.144664,3977580,136463,3841117,38.4112,0.965692,3841117,0.965692,0,0,0,0,0,0,0,0
xsbench,xsbench_XXL64unionized,xs.XXL64unionized-24B,100000001,306620030,0.326137,1577263,719502,857761,8.57761,0.543829,857754,0.543824,7,4.43807e-06,0,0,0,0,0,0
