dataset,workload,trace_tag,trace_name,instructions,cycles,ipc,stlb_access,stlb_hit,stlb_miss,stlb_mpki,stlb_miss_rate,stlb_demand_access,stlb_demand_hit,stlb_demand_miss,stlb_demand_mpki,stlb_demand_miss_rate,stlb_raw_demand_miss,stlb_raw_demand_mpki,cp_pb_demand_hit,cp_pb_demand_hit_mpki,stlb_pb_demand_miss,stlb_pb_demand_mpki,demand_data_miss,demand_data_miss_rate,demand_instruction_miss,demand_instruction_miss_rate,l1d_prefetch_miss,l1d_prefetch_miss_rate,l1i_prefetch_miss,l1i_prefetch_miss_rate,other_miss,other_miss_rate
spec06,401.bzip2,401.bzip2-226B,401.bzip2-226B.champsimtrace.xz,100000001,73275630,1.3647100000000001,603588,603543,45,0.00044999999999999999,7.4554200000000005e-05,603588,603543,45,0.00044999999999999999,7.4554200000000005e-05,0,0,0,0,0,0,0,0,0,0,45,7.4554200000000005e-05,0,0,0,0
spec06,401.bzip2,401.bzip2-277B,401.bzip2-277B.champsimtrace.xz,100000003,60830061,1.64392,515909,515569,340,0.0033999999999999998,0.00065903100000000003,515909,515569,340,0.0033999999999999998,0.00065903100000000003,0,0,0,0,0,0,0,0,0,0,340,0.00065903100000000003,0,0,0,0
spec06,401.bzip2,401.bzip2-38B,401.bzip2-38B.champsimtrace.xz,100000000,66577789,1.502,557614,557148,466,0.0046600000000000001,0.00083570400000000005,557614,557148,466,0.0046600000000000001,0.00083570400000000005,44,0.00044000000000000002,0,0,44,0.00044000000000000002,44,7.8907599999999996e-05,2,3.5867100000000002e-06,420,0.00075320900000000002,0,0,0,0
spec06,403.gcc,403.gcc-17B,403.gcc-17B.champsimtrace.xz,100000001,144740299,0.69089299999999998,1142824,848351,294473,2.9447299999999998,0.25767099999999998,1142824,848351,294473,2.9447299999999998,0.25767099999999998,nan,nan,nan,nan,nan,nan,262755,0.22991700000000001,53,4.6376299999999998e-05,31665,0.027707699999999998,0,0,0,0
spec06,410.bwaves,410.bwaves-1963B,410.bwaves-1963B.champsimtrace.xz,100000003,62308743,1.6049100000000001,83018,55114,27904,0.27904000000000001,0.33611999999999997,83018,55114,27904,0.27904000000000001,0.33611999999999997,2938,0.02938,0,0,2938,0.02938,2938,0.035389900000000002,0,0,24966,0.30073,0,0,0,0
spec06,410.bwaves,410.bwaves-2097B,410.bwaves-2097B.champsimtrace.xz,100000001,62289111,1.6054200000000001,113915,86075,27840,0.27839999999999998,0.244393,113915,86075,27840,0.27839999999999998,0.244393,2779,0.027789999999999999,0,0,2779,0.027789999999999999,2779,0.024395400000000001,0,0,25061,0.219997,0,0,0,0
spec06,429.mcf,429.mcf-184B,429.mcf-184B.champsimtrace.xz,100000001,824823780,0.121238,9992848,9083589,909259,9.0925899999999995,0.090991000000000002,9992848,9083589,909259,9.0925899999999995,0.090991000000000002,nan,nan,nan,nan,nan,nan,908561,0.090921100000000005,0,0,698,6.9850000000000004e-05,0,0,0,0
spec06,429.mcf,429.mcf-192B,429.mcf-192B.champsimtrace.xz,100000000,835208137,0.119731,14594234,14311602,282632,2.8263199999999999,0.019366000000000001,14594234,14311602,282632,2.8263199999999999,0.019366000000000001,nan,nan,nan,nan,nan,nan,281940,0.019318599999999998,1,6.8520200000000005e-08,691,4.73475e-05,0,0,0,0
spec06,429.mcf,429.mcf-217B,429.mcf-217B.champsimtrace.xz,100000004,104399929,0.95785500000000001,310996,215620,95376,0.95376000000000005,0.30667899999999998,310996,215620,95376,0.95376000000000005,0.30667899999999998,7272,0.072720000000000007,0,0,7272,0.072720000000000007,7272,0.023382900000000002,0,0,88104,0.28329599999999999,0,0,0,0
spec06,429.mcf,429.mcf-22B,429.mcf-22B.champsimtrace.xz,100000002,128761220,0.77663099999999996,518590,203383,315207,3.1520700000000001,0.60781499999999999,518590,203383,315207,3.1520700000000001,0.60781499999999999,nan,nan,nan,nan,nan,nan,293442,0.56584599999999996,0,0,21765,0.041969600000000003,0,0,0,0
spec06,429.mcf,429.mcf-51B,429.mcf-51B.champsimtrace.xz,100000005,634233979,0.15767100000000001,7963716,6911680,1052036,10.5204,0.132104,7963716,6911680,1052036,10.5204,0.132104,nan,nan,nan,nan,nan,nan,1050406,0.13189899999999999,0,0,1630,0.00020467799999999999,0,0,0,0
spec06,433.milc,433.milc-127B,433.milc-127B.champsimtrace.xz,100000002,71895335,1.3909100000000001,218172,25,218147,2.18147,0.99988500000000002,218172,25,218147,2.18147,0.99988500000000002,nan,nan,nan,nan,nan,nan,164,0.0007517,0,0,217983,0.99913399999999997,0,0,0,0
spec06,433.milc,433.milc-274B,433.milc-274B.champsimtrace.xz,100000004,55490243,1.8021199999999999,126011,4917,121094,1.2109399999999999,0.96097999999999995,126011,4917,121094,1.2109399999999999,0.96097999999999995,nan,nan,nan,nan,nan,nan,104,0.00082532500000000002,5,3.9679099999999998e-05,120985,0.96011500000000005,0,0,0,0
spec06,433.milc,433.milc-337B,433.milc-337B.champsimtrace.xz,100000000,66129491,1.5121800000000001,197368,751,196617,1.96617,0.99619500000000005,197368,751,196617,1.96617,0.99619500000000005,nan,nan,nan,nan,nan,nan,151,0.00076506800000000004,1,5.0666800000000004e-06,196465,0.995425,0,0,0,0
spec06,434.zeusmp,434.zeusmp-10B,434.zeusmp-10B.champsimtrace.xz,100000002,51595126,1.9381699999999999,1293451,1289843,3608,0.036080000000000001,0.0027894399999999998,1293451,1289843,3608,0.036080000000000001,0.0027894399999999998,2222,0.02222,0,0,2222,0.02222,2222,0.00171788,0,0,1386,0.0010715500000000001,0,0,0,0
spec06,435.gromacs,435.gromacs-226B,435.gromacs-226B.champsimtrace.xz,100000001,54637889,1.83023,345401,344279,1122,0.011220000000000001,0.0032483999999999998,345401,344279,1122,0.011220000000000001,0.0032483999999999998,153,0.0015299999999999999,0,0,153,0.0015299999999999999,153,0.00044296299999999999,28,8.1065199999999998e-05,941,0.0027243699999999998,0,0,0,0
spec06,435.gromacs,435.gromacs-228B,435.gromacs-228B.champsimtrace.xz,100000001,23939337,4.1772299999999998,135948,134596,1352,0.013520000000000001,0.0099449800000000008,135948,134596,1352,0.013520000000000001,0.0099449800000000008,234,0.0023400000000000001,0,0,234,0.0023400000000000001,234,0.0017212499999999999,52,0.00038249900000000001,1066,0.0078412299999999994,0,0,0,0
spec06,436.cactusADM,436.cactusADM-1804B,436.cactusADM-1804B.champsimtrace.xz,100000002,52916647,1.8897600000000001,2770576,1855889,914687,9.1468699999999998,0.33014300000000002,2770576,1855889,914687,9.1468699999999998,0.33014300000000002,nan,nan,nan,nan,nan,nan,905663,0.32688600000000001,0,0,9024,0.0032570799999999999,0,0,0,0
spec06,437.leslie3d,437.leslie3d-134B,437.leslie3d-134B.champsimtrace.xz,100000000,38644548,2.5876899999999998,87009,80840,6169,0.061690000000000002,0.070900699999999997,87009,80840,6169,0.061690000000000002,0.070900699999999997,317,0.0031700000000000001,0,0,317,0.0031700000000000001,317,0.0036432999999999999,9,0.00010343799999999999,5843,0.067154000000000005,0,0,0,0
spec06,437.leslie3d,437.leslie3d-149B,437.leslie3d-149B.champsimtrace.xz,100000001,42739281,2.3397700000000001,31856,5596,26260,0.2626,0.82433500000000004,31856,5596,26260,0.2626,0.82433500000000004,1913,0.019130000000000001,0,0,1913,0.019130000000000001,1913,0.060051500000000001,15,0.00047086900000000001,24332,0.76381200000000005,0,0,0,0
spec06,437.leslie3d,437.leslie3d-232B,437.leslie3d-232B.champsimtrace.xz,100000004,35792637,2.7938700000000001,21930,13015,8915,0.089149999999999993,0.40652100000000002,21930,13015,8915,0.089149999999999993,0.40652100000000002,330,0.0033,0,0,330,0.0033,330,0.015047899999999999,7,0.00031919700000000001,8578,0.391154,0,0,0,0
spec06,437.leslie3d,437.leslie3d-265B,437.leslie3d-265B.champsimtrace.xz,100000002,36201549,2.7623099999999998,24010,17665,6345,0.063450000000000006,0.26426500000000003,24010,17665,6345,0.063450000000000006,0.26426500000000003,520,0.0051999999999999998,0,0,520,0.0051999999999999998,520,0.021657599999999999,7,0.00029154499999999999,5818,0.242316,0,0,0,0
spec06,437.leslie3d,437.leslie3d-271B,437.leslie3d-271B.champsimtrace.xz,100000003,37838176,2.64283,18907,5904,13003,0.13003000000000001,0.68773499999999999,18907,5904,13003,0.13003000000000001,0.68773499999999999,534,0.0053400000000000001,0,0,534,0.0053400000000000001,534,0.028243500000000001,2,0.000105781,12467,0.659385,0,0,0,0
spec06,437.leslie3d,437.leslie3d-273B,437.leslie3d-273B.champsimtrace.xz,100000001,37813933,2.64453,14766,956,13810,0.1381,0.93525700000000001,14766,956,13810,0.1381,0.93525700000000001,490,0.0048999999999999998,0,0,490,0.0048999999999999998,490,0.0331843,2,0.000135446,13318,0.90193699999999999,0,0,0,0
spec06,445.gobmk,445.gobmk-30B,445.gobmk-30B.champsimtrace.xz,100000005,78424121,1.27512,41362,32047,9315,0.093149999999999997,0.22520699999999999,41362,32047,9315,0.093149999999999997,0.22520699999999999,8869,0.088690000000000005,0,0,8869,0.088690000000000005,8869,0.214424,79,0.00190997,367,0.0088728799999999997,0,0,0,0
spec06,450.soplex,450.soplex-247B,450.soplex-247B.champsimtrace.xz,100000000,164363731,0.60840700000000003,805198,693180,112018,1.12018,0.13911899999999999,805198,693180,112018,1.12018,0.13911899999999999,nan,nan,nan,nan,nan,nan,76724,0.095285900000000007,0,0,35294,0.043832700000000002,0,0,0,0
spec06,450.soplex,450.soplex-92B,450.soplex-92B.champsimtrace.xz,100000002,158904583,0.62930799999999998,571575,482578,88997,0.88997000000000004,0.15570500000000001,571575,482578,88997,0.88997000000000004,0.15570500000000001,63530,0.63529999999999998,0,0,63530,0.63529999999999998,63530,0.111149,12,2.0994600000000001e-05,25455,0.044534799999999999,0,0,0,0
spec06,454.calculix,454.calculix-460B,454.calculix-460B.champsimtrace.xz,100000001,23829057,4.1965599999999998,59422,58246,1176,0.01176,0.019790599999999998,59422,58246,1176,0.01176,0.019790599999999998,319,0.0031900000000000001,0,0,319,0.0031900000000000001,319,0.0053683799999999999,34,0.00057217900000000003,823,0.013850100000000001,0,0,0,0
spec06,459.GemsFDTD,459.GemsFDTD-1169B,459.GemsFDTD-1169B.champsimtrace.xz,100000000,85425924,1.1706000000000001,2377668,2199943,177725,1.77725,0.074747599999999997,2377668,2199943,177725,1.77725,0.074747599999999997,nan,nan,nan,nan,nan,nan,121159,0.050957099999999998,2,8.4116000000000005e-07,56564,0.0237897,0,0,0,0
spec06,459.GemsFDTD,459.GemsFDTD-1211B,459.GemsFDTD-1211B.champsimtrace.xz,100000004,73943729,1.3523799999999999,901123,793401,107722,1.0772200000000001,0.119542,901123,793401,107722,1.0772200000000001,0.119542,nan,nan,nan,nan,nan,nan,526,0.00058371599999999997,0,0,107196,0.11895799999999999,0,0,0,0
spec06,459.GemsFDTD,459.GemsFDTD-1320B,459.GemsFDTD-1320B.champsimtrace.xz,100000000,87268657,1.1458900000000001,1622605,1550035,72570,0.72570000000000001,0.044724399999999997,1622605,1550035,72570,0.72570000000000001,0.044724399999999997,55236,0.55235999999999996,0,0,55236,0.55235999999999996,55236,0.034041599999999998,13,8.0118100000000008e-06,17321,0.0106748,0,0,0,0
spec06,459.GemsFDTD,459.GemsFDTD-1418B,459.GemsFDTD-1418B.champsimtrace.xz,100000001,69991344,1.42875,706860,697158,9702,0.097019999999999995,0.0137255,706860,697158,9702,0.097019999999999995,0.0137255,531,0.0053099999999999996,0,0,531,0.0053099999999999996,531,0.00075120999999999999,0,0,9171,0.012974299999999999,0,0,0,0
spec06,459.GemsFDTD,459.GemsFDTD-1491B,459.GemsFDTD-1491B.champsimtrace.xz,100000003,96218436,1.0392999999999999,42479,10918,31561,0.31561,0.74297899999999995,42479,10918,31561,0.31561,0.74297899999999995,4036,0.04036,0,0,4036,0.04036,4036,0.095011700000000004,0,0,27525,0.64796699999999996,0,0,0,0
spec06,459.GemsFDTD,459.GemsFDTD-765B,459.GemsFDTD-765B.champsimtrace.xz,100000000,81055109,1.23373,522500,293762,228738,2.2873800000000002,0.437776,522500,293762,228738,2.2873800000000002,0.437776,nan,nan,nan,nan,nan,nan,3607,0.0069033499999999999,1,1.9138799999999999e-06,225130,0.430871,0,0,0,0
spec06,462.libquantum,462.libquantum-1343B,462.libquantum-1343B.champsimtrace.xz,100000000,61373143,1.6293800000000001,37125,0,37125,0.37125000000000002,1,37125,0,37125,0.37125000000000002,1,1536,0.01536,0,0,1536,0.01536,1536,0.041373699999999999,0,0,35589,0.95862599999999998,0,0,0,0
spec06,462.libquantum,462.libquantum-714B,462.libquantum-714B.champsimtrace.xz,100000000,77936265,1.2830999999999999,41441,0,41441,0.41441,1,41441,0,41441,0.41441,1,4714,0.047140000000000001,0,0,4714,0.047140000000000001,4714,0.11375200000000001,0,0,36727,0.88624800000000004,0,0,0,0
spec06,470.lbm,470.lbm-1274B,470.lbm-1274B.champsimtrace.xz,100000004,135843269,0.73614299999999999,44813,390,44423,0.44423000000000001,0.99129699999999998,44813,390,44423,0.44423000000000001,0.99129699999999998,30424,0.30424000000000001,0,0,30424,0.30424000000000001,30424,0.67891000000000001,0,0,13999,0.31238700000000003,0,0,0,0
spec06,471.omnetpp,471.omnetpp-188B,471.omnetpp-188B.champsimtrace.xz,100000000,229314704,0.43608200000000003,2261368,1734089,527279,5.2727899999999996,0.23316799999999999,2261368,1734089,527279,5.2727899999999996,0.23316799999999999,nan,nan,nan,nan,nan,nan,373692,0.16525000000000001,620,0.00027417000000000001,152967,0.067643599999999998,0,0,0,0
spec06,473.astar,473.astar-153B,473.astar-153B.champsimtrace.xz,100000003,43156924,2.3171300000000001,421539,411339,10200,0.10199999999999999,0.024197,421539,411339,10200,0.10199999999999999,0.024197,2631,0.02631,0,0,2631,0.02631,2631,0.0062414200000000001,0,0,7569,0.017955599999999999,0,0,0,0
spec06,473.astar,473.astar-359B,473.astar-359B.champsimtrace.xz,100000002,515557167,0.193965,3379708,1656767,1722941,17.229399999999998,0.50978999999999997,3379708,1656767,1722941,17.229399999999998,0.50978999999999997,nan,nan,nan,nan,nan,nan,1705378,0.50459299999999996,0,0,17563,0.0051966,0,0,0,0
spec06,473.astar,473.astar-42B,473.astar-42B.champsimtrace.xz,100000000,160983567,0.62118099999999998,3052848,2147996,904852,9.0485199999999999,0.29639599999999999,3052848,2147996,904852,9.0485199999999999,0.29639599999999999,nan,nan,nan,nan,nan,nan,175144,0.057370699999999997,8,2.6205000000000002e-06,729700,0.23902300000000001,0,0,0,0
spec06,481.wrf,481.wrf-1254B,481.wrf-1254B.champsimtrace.xz,100000002,26446159,3.7812700000000001,9445,4524,4921,0.049209999999999997,0.52101600000000003,9445,4524,4921,0.049209999999999997,0.52101600000000003,209,0.0020899999999999998,0,0,209,0.0020899999999999998,209,0.022128100000000001,3,0.00031762799999999998,4709,0.49857099999999999,0,0,0,0
spec06,481.wrf,481.wrf-1281B,481.wrf-1281B.champsimtrace.xz,100000000,37788023,2.6463399999999999,16496,3168,13328,0.13328000000000001,0.80795300000000003,16496,3168,13328,0.13328000000000001,0.80795300000000003,2307,0.02307,0,0,2307,0.02307,2307,0.139852,17,0.0010305500000000001,11004,0.66707099999999997,0,0,0,0
spec06,481.wrf,481.wrf-196B,481.wrf-196B.champsimtrace.xz,100000001,24669615,4.0535699999999997,6274,2648,3626,0.036260000000000001,0.57794100000000004,6274,2648,3626,0.036260000000000001,0.57794100000000004,173,0.00173,0,0,173,0.00173,173,0.027574100000000001,15,0.0023908200000000001,3438,0.54797600000000002,0,0,0,0
spec06,481.wrf,481.wrf-455B,481.wrf-455B.champsimtrace.xz,100000001,34742299,2.8783400000000001,9578,2273,7305,0.073050000000000004,0.76268499999999995,9578,2273,7305,0.073050000000000004,0.76268499999999995,422,0.0042199999999999998,0,0,422,0.0042199999999999998,422,0.044059300000000003,8,0.00083524700000000001,6875,0.71779099999999996,0,0,0,0
spec06,481.wrf,481.wrf-816B,481.wrf-816B.champsimtrace.xz,100000001,45586738,2.1936200000000001,52163,31654,20509,0.20508999999999999,0.39317099999999999,52163,31654,20509,0.20508999999999999,0.39317099999999999,3080,0.030800000000000001,0,0,3080,0.030800000000000001,3080,0.0590457,10,0.000191707,17419,0.33393400000000001,0,0,0,0
spec06,482.sphinx3,482.sphinx3-1100B,482.sphinx3-1100B.champsimtrace.xz,100000000,45278851,2.2085400000000002,110725,71969,38756,0.38756000000000002,0.35002,110725,71969,38756,0.38756000000000002,0.35002,20716,0.20716000000000001,0,0,20716,0.20716000000000001,20716,0.18709400000000001,29,0.00026191000000000002,18011,0.162664,0,0,0,0
spec06,482.sphinx3,482.sphinx3-1297B,482.sphinx3-1297B.champsimtrace.xz,100000000,51841123,1.9289700000000001,156662,99791,56871,0.56871000000000005,0.36301699999999998,156662,99791,56871,0.56871000000000005,0.36301699999999998,32450,0.32450000000000001,0,0,32450,0.32450000000000001,32450,0.20713400000000001,0,0,24421,0.15588299999999999,0,0,0,0
spec06,482.sphinx3,482.sphinx3-1395B,482.sphinx3-1395B.champsimtrace.xz,100000003,38549224,2.59409,95651,70874,24777,0.24776999999999999,0.25903500000000002,95651,70874,24777,0.24776999999999999,0.25903500000000002,14403,0.14402999999999999,0,0,14403,0.14402999999999999,14403,0.15057899999999999,0,0,10374,0.108457,0,0,0,0
spec06,482.sphinx3,482.sphinx3-1522B,482.sphinx3-1522B.champsimtrace.xz,100000002,44523579,2.246,141483,101320,40163,0.40162999999999999,0.28387200000000001,141483,101320,40163,0.40162999999999999,0.28387200000000001,22298,0.22298000000000001,0,0,22298,0.22298000000000001,22298,0.15760199999999999,1,7.0679900000000001e-06,17864,0.12626299999999999,0,0,0,0
spec06,482.sphinx3,482.sphinx3-234B,482.sphinx3-234B.champsimtrace.xz,100000001,45304018,2.2073100000000001,139089,98284,40805,0.40805000000000002,0.29337299999999999,139089,98284,40805,0.40805000000000002,0.29337299999999999,20499,0.20499000000000001,0,0,20499,0.20499000000000001,20499,0.14738000000000001,0,0,20306,0.14599300000000001,0,0,0,0
spec06,482.sphinx3,482.sphinx3-417B,482.sphinx3-417B.champsimtrace.xz,100000000,69942026,1.4297599999999999,259717,189368,70349,0.70348999999999995,0.270868,259717,189368,70349,0.70348999999999995,0.270868,35585,0.35585,0,0,35585,0.35585,35585,0.137015,0,0,34764,0.133853,0,0,0,0
spec06,483.xalancbmk,483.xalancbmk-127B,483.xalancbmk-127B.champsimtrace.xz,100000000,337727546,0.296097,430942,83116,347826,3.4782600000000001,0.80712899999999999,430942,83116,347826,3.4782600000000001,0.80712899999999999,nan,nan,nan,nan,nan,nan,338771,0.78611699999999995,5308,0.0123172,3747,0.0086949100000000001,0,0,0,0
spec06,483.xalancbmk,483.xalancbmk-716B,483.xalancbmk-716B.champsimtrace.xz,100000003,64060586,1.5610200000000001,906859,818549,88310,0.8831,0.097380099999999997,906859,818549,88310,0.8831,0.097380099999999997,85456,0.85455999999999999,0,0,85456,0.85455999999999999,85456,0.094232999999999997,1406,0.0015504099999999999,1448,0.00159672,0,0,0,0
spec17,600.perlbench_s,600.perlbench_s-570B,600.perlbench_s-570B.champsimtrace.xz,100000000,69087802,1.44743,308058,294890,13168,0.13167999999999999,0.042745199999999997,308058,294890,13168,0.13167999999999999,0.042745199999999997,12296,0.12296,0,0,12296,0.12296,12296,0.039914600000000001,578,0.00187627,294,0.000954366,0,0,0,0
spec17,602.gcc_s,602.gcc_s-1850B,602.gcc_s-1850B.champsimtrace.xz,100000001,53993706,1.8520700000000001,37455,6289,31166,0.31165999999999999,0.83209200000000005,37455,6289,31166,0.31165999999999999,0.83209200000000005,2629,0.026290000000000001,0,0,2629,0.026290000000000001,2629,0.070190900000000001,0,0,28537,0.76190100000000005,0,0,0,0
spec17,602.gcc_s,602.gcc_s-2226B,602.gcc_s-2226B.champsimtrace.xz,100000000,135326311,0.73895500000000003,150466,9828,140638,1.40638,0.93468300000000004,150466,9828,140638,1.40638,0.93468300000000004,nan,nan,nan,nan,nan,nan,21005,0.1396,0,0,119633,0.79508299999999998,0,0,0,0
spec17,602.gcc_s,602.gcc_s-734B,602.gcc_s-734B.champsimtrace.xz,100000001,56882560,1.7580100000000001,164169,133066,31103,0.31102999999999997,0.18945699999999999,164169,133066,31103,0.31102999999999997,0.18945699999999999,14964,0.14964,0,0,14964,0.14964,14964,0.091149999999999995,10,6.0912799999999997e-05,16129,0.098246299999999995,0,0,0,0
spec17,603.bwaves_s,603.bwaves_s-1740B,603.bwaves_s-1740B.champsimtrace.xz,100000002,56523690,1.7691699999999999,156735,127046,29689,0.29688999999999999,0.18942200000000001,156735,127046,29689,0.29688999999999999,0.18942200000000001,2879,0.02879,0,0,2879,0.02879,2879,0.018368599999999999,0,0,26810,0.17105300000000001,0,0,0,0
spec17,603.bwaves_s,603.bwaves_s-2609B,603.bwaves_s-2609B.champsimtrace.xz,100000002,56540921,1.7686299999999999,64597,34903,29694,0.29693999999999998,0.45968100000000001,64597,34903,29694,0.29693999999999998,0.45968100000000001,3031,0.03031,0,0,3031,0.03031,3031,0.046921699999999997,0,0,26663,0.41275899999999999,0,0,0,0
spec17,603.bwaves_s,603.bwaves_s-2931B,603.bwaves_s-2931B.champsimtrace.xz,100000005,65064056,1.53695,127982,106678,21304,0.21304000000000001,0.166461,127982,106678,21304,0.21304000000000001,0.166461,7012,0.070120000000000002,0,0,7012,0.070120000000000002,7012,0.054788999999999997,0,0,14292,0.11167199999999999,0,0,0,0
spec17,603.bwaves_s,603.bwaves_s-891B,603.bwaves_s-891B.champsimtrace.xz,100000001,28899034,3.4603199999999998,24528,176,24352,0.24351999999999999,0.99282499999999996,24528,176,24352,0.24351999999999999,0.99282499999999996,0,0,0,0,0,0,0,0,0,0,24352,0.99282499999999996,0,0,0,0
spec17,605.mcf_s,605.mcf_s-1152B,605.mcf_s-1152B.champsimtrace.xz,100000001,274343276,0.36450700000000003,2960027,2921204,38823,0.38823000000000002,0.0131158,2960027,2921204,38823,0.38823000000000002,0.0131158,12515,0.12515000000000001,0,0,12515,0.12515000000000001,12515,0.004228,0,0,26308,0.0088877599999999998,0,0,0,0
spec17,605.mcf_s,605.mcf_s-1536B,605.mcf_s-1536B.champsimtrace.xz,100000003,199933707,0.500166,2446238,206723,2239515,22.395099999999999,0.91549400000000003,2446238,206723,2239515,22.395099999999999,0.91549400000000003,nan,nan,nan,nan,nan,nan,2238055,0.91489699999999996,0,0,1460,0.00059683499999999999,0,0,0,0
spec17,605.mcf_s,605.mcf_s-1554B,605.mcf_s-1554B.champsimtrace.xz,100000003,140646591,0.71100200000000002,397295,389228,8067,0.080670000000000006,0.020304800000000001,397295,389228,8067,0.080670000000000006,0.020304800000000001,747,0.0074700000000000001,0,0,747,0.0074700000000000001,747,0.00188021,0,0,7320,0.018424599999999999,0,0,0,0
spec17,605.mcf_s,605.mcf_s-1644B,605.mcf_s-1644B.champsimtrace.xz,100000005,494187021,0.20235300000000001,2964946,542925,2422021,24.220199999999998,0.81688499999999997,2964946,542925,2422021,24.220199999999998,0.81688499999999997,nan,nan,nan,nan,nan,nan,2378423,0.80218100000000003,0,0,43598,0.014704500000000001,0,0,0,0
spec17,605.mcf_s,605.mcf_s-472B,605.mcf_s-472B.champsimtrace.xz,100000000,159942698,0.625224,354240,223749,130491,1.30491,0.368369,354240,223749,130491,1.30491,0.368369,nan,nan,nan,nan,nan,nan,13701,0.038677200000000002,0,0,116790,0.32969199999999999,0,0,0,0
spec17,605.mcf_s,605.mcf_s-484B,605.mcf_s-484B.champsimtrace.xz,100000005,172464339,0.57982999999999996,235214,165391,69823,0.69823000000000002,0.29684899999999997,235214,165391,69823,0.69823000000000002,0.29684899999999997,18198,0.18198,0,0,18198,0.18198,18198,0.0773678,0,0,51625,0.21948100000000001,0,0,0,0
spec17,605.mcf_s,605.mcf_s-665B,605.mcf_s-665B.champsimtrace.xz,100000000,216244872,0.46243899999999999,1578719,1555384,23335,0.23335,0.014781000000000001,1578719,1555384,23335,0.23335,0.014781000000000001,11527,0.11527,0,0,11527,0.11527,11527,0.0073014899999999999,0,0,11808,0.0074794800000000002,0,0,0,0
spec17,605.mcf_s,605.mcf_s-782B,605.mcf_s-782B.champsimtrace.xz,100000001,655301985,0.15260099999999999,8598209,8482559,115650,1.1565000000000001,0.013450500000000001,8598209,8482559,115650,1.1565000000000001,0.013450500000000001,nan,nan,nan,nan,nan,nan,29848,0.0034714199999999998,0,0,85802,0.0099790499999999997,0,0,0,0
spec17,605.mcf_s,605.mcf_s-994B,605.mcf_s-994B.champsimtrace.xz,100000000,241837399,0.41350100000000001,1628658,820626,808032,8.0803200000000004,0.49613400000000002,1628658,820626,808032,8.0803200000000004,0.49613400000000002,nan,nan,nan,nan,nan,nan,806084,0.49493799999999999,0,0,1948,0.00119608,0,0,0,0
spec17,607.cactuBSSN_s,607.cactuBSSN_s-2421B,607.cactuBSSN_s-2421B.champsimtrace.xz,100000003,55075242,1.8157000000000001,7462554,7450183,12371,0.12371,0.00165774,7462554,7450183,12371,0.12371,0.00165774,12320,0.1232,0,0,12320,0.1232,12320,0.00165091,50,6.7001200000000002e-06,1,1.3400200000000001e-07,0,0,0,0
spec17,607.cactuBSSN_s,607.cactuBSSN_s-3477B,607.cactuBSSN_s-3477B.champsimtrace.xz,100000000,42558107,2.3497300000000001,3789810,3785757,4053,0.040529999999999997,0.00106945,3789810,3785757,4053,0.040529999999999997,0.00106945,4052,0.04052,0,0,4052,0.04052,4052,0.0010691800000000001,0,0,1,2.6386500000000001e-07,0,0,0,0
spec17,607.cactuBSSN_s,607.cactuBSSN_s-4004B,607.cactuBSSN_s-4004B.champsimtrace.xz,100000003,42430595,2.3567900000000002,3862329,3858071,4258,0.04258,0.0011024400000000001,3862329,3858071,4258,0.04258,0.0011024400000000001,4258,0.04258,0,0,4258,0.04258,4258,0.0011024400000000001,0,0,0,0,0,0,0,0
spec17,619.lbm_s,619.lbm_s-2676B,619.lbm_s-2676B.champsimtrace.xz,100000001,130218667,0.76793900000000004,86988,39837,47151,0.47150999999999998,0.54203999999999997,86988,39837,47151,0.47150999999999998,0.54203999999999997,28253,0.28253,0,0,28253,0.28253,28253,0.32479200000000003,0,0,18898,0.217248,0,0,0,0
spec17,619.lbm_s,619.lbm_s-2677B,619.lbm_s-2677B.champsimtrace.xz,100000005,200659663,0.49835600000000002,137904,63116,74788,0.74787999999999999,0.542319,137904,63116,74788,0.74787999999999999,0.542319,49206,0.49206,0,0,49206,0.49206,49206,0.35681299999999999,0,0,25582,0.185506,0,0,0,0
spec17,619.lbm_s,619.lbm_s-3766B,619.lbm_s-3766B.champsimtrace.xz,100000001,109892424,0.90998100000000004,72533,33239,39294,0.39294000000000001,0.54174,72533,33239,39294,0.39294000000000001,0.54174,21831,0.21831,0,0,21831,0.21831,21831,0.30098000000000003,0,0,17463,0.240759,0,0,0,0
spec17,619.lbm_s,619.lbm_s-4268B,619.lbm_s-4268B.champsimtrace.xz,100000005,199601242,0.50099899999999997,137175,62797,74378,0.74378,0.54221299999999995,137175,62797,74378,0.74378,0.54221299999999995,48949,0.48948999999999998,0,0,48949,0.48948999999999998,48949,0.35683599999999999,0,0,25429,0.18537600000000001,0,0,0,0
spec17,620.omnetpp_s,620.omnetpp_s-141B,620.omnetpp_s-141B.champsimtrace.xz,100000002,213777625,0.46777600000000003,2274740,1776268,498472,4.9847200000000003,0.219134,2274740,1776268,498472,4.9847200000000003,0.219134,nan,nan,nan,nan,nan,nan,481974,0.21188100000000001,1723,0.00075744899999999999,14775,0.0064952500000000002,0,0,0,0
spec17,620.omnetpp_s,620.omnetpp_s-874B,620.omnetpp_s-874B.champsimtrace.xz,100000000,194631732,0.513791,2099443,1659427,440016,4.4001599999999996,0.209587,2099443,1659427,440016,4.4001599999999996,0.209587,nan,nan,nan,nan,nan,nan,415976,0.19813600000000001,2226,0.00106028,21814,0.010390399999999999,0,0,0,0
spec17,621.wrf_s,621.wrf_s-6673B,621.wrf_s-6673B.champsimtrace.xz,100000000,58414671,1.7119,169369,150239,19130,0.1913,0.11294899999999999,169369,150239,19130,0.1913,0.11294899999999999,3121,0.031210000000000002,0,0,3121,0.031210000000000002,3121,0.018427200000000001,92,0.00054319299999999997,15917,0.093978199999999998,0,0,0,0
spec17,621.wrf_s,621.wrf_s-8065B,621.wrf_s-8065B.champsimtrace.xz,100000002,50285532,1.98864,49488,43075,6413,0.064130000000000006,0.12958700000000001,49488,43075,6413,0.064130000000000006,0.12958700000000001,794,0.0079399999999999991,0,0,794,0.0079399999999999991,794,0.016044300000000001,44,0.00088910400000000004,5575,0.112654,0,0,0,0
spec17,623.xalancbmk_s,623.xalancbmk_s-10B,623.xalancbmk_s-10B.champsimtrace.xz,100000004,147623908,0.67739700000000003,725736,243757,481979,4.8197900000000002,0.66412400000000005,725736,243757,481979,4.8197900000000002,0.66412400000000005,nan,nan,nan,nan,nan,nan,472815,0.65149699999999999,5174,0.0071293099999999998,3990,0.0054978700000000002,0,0,0,0
spec17,623.xalancbmk_s,623.xalancbmk_s-165B,623.xalancbmk_s-165B.champsimtrace.xz,100000003,30464146,3.2825500000000001,38469,38349,120,0.0011999999999999999,0.0031193900000000001,38469,38349,120,0.0011999999999999999,0.0031193900000000001,111,0.0011100000000000001,0,0,111,0.0011100000000000001,111,0.00288544,0,0,9,0.00023395499999999999,0,0,0,0
spec17,623.xalancbmk_s,623.xalancbmk_s-202B,623.xalancbmk_s-202B.champsimtrace.xz,100000005,39651471,2.52197,45672,45578,94,0.00093999999999999997,0.0020581499999999999,45672,45578,94,0.00093999999999999997,0.0020581499999999999,89,0.00088999999999999995,0,0,89,0.00088999999999999995,89,0.0019486799999999999,0,0,5,0.00010947599999999999,0,0,0,0
spec17,623.xalancbmk_s,623.xalancbmk_s-325B,623.xalancbmk_s-325B.champsimtrace.xz,100000003,85218503,1.1734500000000001,2388562,2384858,3704,0.037039999999999997,0.00155072,2388562,2384858,3704,0.037039999999999997,0.00155072,2273,0.02273,0,0,2273,0.02273,2273,0.00095161900000000001,341,0.000142764,1090,0.00045634199999999999,0,0,0,0
spec17,623.xalancbmk_s,623.xalancbmk_s-592B,623.xalancbmk_s-592B.champsimtrace.xz,100000000,84808837,1.1791199999999999,2380978,2247073,133905,1.3390500000000001,0.056239499999999998,2380978,2247073,133905,1.3390500000000001,0.056239499999999998,nan,nan,nan,nan,nan,nan,126428,0.053099199999999999,1785,0.00074969200000000004,5692,0.00239061,0,0,0,0
spec17,623.xalancbmk_s,623.xalancbmk_s-700B,623.xalancbmk_s-700B.champsimtrace.xz,100000000,96529033,1.03596,3120236,2938930,181306,1.8130599999999999,0.058106499999999998,3120236,2938930,181306,1.8130599999999999,0.058106499999999998,nan,nan,nan,nan,nan,nan,174707,0.055991600000000002,1766,0.00056598300000000005,4833,0.0015489200000000001,0,0,0,0
spec17,625.x264_s,625.x264_s-20B,625.x264_s-20B.champsimtrace.xz,100000000,27153844,3.6827200000000002,156829,154310,2519,0.025190000000000001,0.016062099999999999,156829,154310,2519,0.025190000000000001,0.016062099999999999,1300,0.012999999999999999,0,0,1300,0.012999999999999999,1300,0.0082892799999999996,50,0.00031881900000000003,1169,0.0074539799999999998,0,0,0,0
spec17,625.x264_s,625.x264_s-39B,625.x264_s-39B.champsimtrace.xz,100000003,32076062,3.1175899999999999,106817,104289,2528,0.02528,0.023666599999999999,106817,104289,2528,0.02528,0.023666599999999999,859,0.0085900000000000004,0,0,859,0.0085900000000000004,859,0.00804179,82,0.000767668,1587,0.014857199999999999,0,0,0,0
spec17,627.cam4_s,627.cam4_s-490B,627.cam4_s-490B.champsimtrace.xz,100000001,50987576,1.96126,35318,33643,1675,0.016750000000000001,0.047426200000000002,35318,33643,1675,0.016750000000000001,0.047426200000000002,225,0.0022499999999999998,0,0,225,0.0022499999999999998,225,0.00637069,0,0,1450,0.041055599999999998,0,0,0,0
spec17,627.cam4_s,627.cam4_s-573B,627.cam4_s-573B.champsimtrace.xz,100000001,63889523,1.5651999999999999,73019,63178,9841,0.098409999999999997,0.134773,73019,63178,9841,0.098409999999999997,0.134773,2768,0.02768,0,0,2768,0.02768,2768,0.037907900000000001,308,0.0042180799999999999,6765,0.092647099999999996,0,0,0,0
spec17,628.pop2_s,628.pop2_s-17B,628.pop2_s-17B.champsimtrace.xz,100000000,39688791,2.5196000000000001,38963,33963,5000,0.050000000000000003,0.128327,38963,33963,5000,0.050000000000000003,0.128327,2216,0.022159999999999999,0,0,2216,0.022159999999999999,2216,0.056874500000000001,50,0.00128327,2734,0.070169099999999998,0,0,0,0
spec17,649.fotonik3d_s,649.fotonik3d_s-10881B,649.fotonik3d_s-10881B.champsimtrace.xz,100000005,85803110,1.1654599999999999,727798,388284,339514,3.39514,0.46649499999999999,727798,388284,339514,3.39514,0.46649499999999999,nan,nan,nan,nan,nan,nan,1262,0.0017340000000000001,0,0,338252,0.46476099999999998,0,0,0,0
spec17,649.fotonik3d_s,649.fotonik3d_s-1176B,649.fotonik3d_s-1176B.champsimtrace.xz,100000001,45899836,2.1786599999999998,23871,10151,13720,0.13719999999999999,0.57475600000000004,23871,10151,13720,0.13719999999999999,0.57475600000000004,23,0.00023000000000000001,0,0,23,0.00023000000000000001,23,0.00096351200000000003,0,0,13697,0.57379199999999997,0,0,0,0
spec17,649.fotonik3d_s,649.fotonik3d_s-7084B,649.fotonik3d_s-7084B.champsimtrace.xz,100000002,70142075,1.4256800000000001,88257,60813,27444,0.27444000000000002,0.31095600000000001,88257,60813,27444,0.27444000000000002,0.31095600000000001,1359,0.01359,0,0,1359,0.01359,1359,0.015398200000000001,0,0,26085,0.29555700000000001,0,0,0,0
spec17,649.fotonik3d_s,649.fotonik3d_s-8225B,649.fotonik3d_s-8225B.champsimtrace.xz,100000000,45977378,2.1749800000000001,23648,9920,13728,0.13728000000000001,0.58051399999999997,23648,9920,13728,0.13728000000000001,0.58051399999999997,25,0.00025000000000000001,0,0,25,0.00025000000000000001,25,0.0010571700000000001,0,0,13703,0.579457,0,0,0,0
spec17,654.roms_s,654.roms_s-1007B,654.roms_s-1007B.champsimtrace.xz,100000005,115453806,0.866147,18391,384,18007,0.18007000000000001,0.97911999999999999,18391,384,18007,0.18007000000000001,0.97911999999999999,5906,0.059060000000000001,0,0,5906,0.059060000000000001,5906,0.321135,2,0.000108749,12099,0.65787600000000002,0,0,0,0
spec17,654.roms_s,654.roms_s-1021B,654.roms_s-1021B.champsimtrace.xz,100000003,43841862,2.2809300000000001,1772324,1770132,2192,0.021919999999999999,0.00123679,1772324,1770132,2192,0.021919999999999999,0.00123679,1482,0.01482,0,0,1482,0.01482,1482,0.00083619,2,1.12846e-06,708,0.00039947499999999999,0,0,0,0
spec17,654.roms_s,654.roms_s-1070B,654.roms_s-1070B.champsimtrace.xz,100000005,72608779,1.37724,50696,236,50460,0.50460000000000005,0.99534500000000004,50696,236,50460,0.50460000000000005,0.99534500000000004,14276,0.14276,0,0,14276,0.14276,14276,0.28160000000000002,0,0,36184,0.71374499999999996,0,0,0,0
spec17,654.roms_s,654.roms_s-1390B,654.roms_s-1390B.champsimtrace.xz,100000002,74102613,1.34948,49829,3248,46581,0.46581,0.93481700000000001,49829,3248,46581,0.46581,0.93481700000000001,11355,0.11355,0,0,11355,0.11355,11355,0.227879,5,0.000100343,35221,0.70683700000000005,0,0,0,0
spec17,654.roms_s,654.roms_s-1613B,654.roms_s-1613B.champsimtrace.xz,100000004,103149542,0.96946600000000005,6588,391,6197,0.061969999999999997,0.94064999999999999,6588,391,6197,0.061969999999999997,0.94064999999999999,1436,0.01436,0,0,1436,0.01436,1436,0.217972,8,0.00121433,4753,0.72146299999999997,0,0,0,0
spec17,654.roms_s,654.roms_s-293B,654.roms_s-293B.champsimtrace.xz,100000003,37326209,2.6790799999999999,31224,15663,15561,0.15561,0.498367,31224,15663,15561,0.15561,0.498367,8377,0.083769999999999997,0,0,8377,0.083769999999999997,8377,0.268287,16,0.00051242599999999996,7168,0.22956699999999999,0,0,0,0
spec17,654.roms_s,654.roms_s-294B,654.roms_s-294B.champsimtrace.xz,100000000,44798071,2.23224,42715,8788,33927,0.33927000000000002,0.79426399999999997,42715,8788,33927,0.33927000000000002,0.79426399999999997,16586,0.16586000000000001,0,0,16586,0.16586000000000001,16586,0.388295,0,0,17341,0.40597,0,0,0,0
spec17,654.roms_s,654.roms_s-523B,654.roms_s-523B.champsimtrace.xz,100000001,73450580,1.3614599999999999,55402,1522,53880,0.53879999999999995,0.97252799999999995,55402,1522,53880,0.53879999999999995,0.97252799999999995,16062,0.16062000000000001,0,0,16062,0.16062000000000001,16062,0.28991699999999998,0,0,37818,0.68261099999999997,0,0,0,0
spec17,657.xz_s,657.xz_s-2302B,657.xz_s-2302B.champsimtrace.xz,100000002,90544921,1.10442,623616,524485,99131,0.99131000000000002,0.15896199999999999,623616,524485,99131,0.99131000000000002,0.15896199999999999,98189,0.98189000000000004,0,0,98189,0.98189000000000004,98189,0.15745100000000001,0,0,942,0.0015105400000000001,0,0,0,0
